#
# There is insufficient memory for the Java Runtime Environment to continue.
# Native memory allocation (mmap) failed to map 9306112 bytes. Error detail: G1 virtual space
# Possible reasons:
#   The system is out of physical RAM or swap space
#   This process is running with CompressedOops enabled, and the Java Heap may be blocking the growth of the native heap
# Possible solutions:
#   Reduce memory load on the system
#   Increase physical memory or swap space
#   Check if swap backing store is full
#   Decrease Java heap size (-Xmx/-Xms)
#   Decrease number of Java threads
#   Decrease Java thread stack sizes (-Xss)
#   Set larger code cache with -XX:ReservedCodeCacheSize=
#   JVM is running with Unscaled Compressed Oops mode in which the Java heap is
#     placed in the first 4GB address space. The Java Heap base address is the
#     maximum limit for the native heap growth. Please use -XX:HeapBaseMinAddress
#     to set the Java Heap base and to place the Java Heap above 4GB virtual address.
# This output file may be truncated or incomplete.
#
#  Out of Memory Error (os_windows.cpp:3925), pid=18232, tid=13532
#
# JRE version: OpenJDK Runtime Environment (21.0.8) (build 21.0.8+-14196175-b1038.72)
# Java VM: OpenJDK 64-Bit Server VM (21.0.8+-14196175-b1038.72, mixed mode, tiered, compressed oops, compressed class ptrs, g1 gc, windows-amd64)
# No core dump will be written. Minidumps are not enabled by default on client versions of Windows
#

---------------  S U M M A R Y ------------

Command Line: --add-opens=java.base/java.lang=ALL-UNNAMED --add-opens=java.base/java.lang.invoke=ALL-UNNAMED --add-opens=java.base/java.util=ALL-UNNAMED --add-opens=java.prefs/java.util.prefs=ALL-UNNAMED --add-exports=jdk.compiler/com.sun.tools.javac.api=ALL-UNNAMED --add-exports=jdk.compiler/com.sun.tools.javac.util=ALL-UNNAMED --add-opens=java.base/java.util=ALL-UNNAMED --add-opens=java.prefs/java.util.prefs=ALL-UNNAMED --add-opens=java.base/java.nio.charset=ALL-UNNAMED --add-opens=java.base/java.net=ALL-UNNAMED --add-opens=java.base/java.util.concurrent.atomic=ALL-UNNAMED --add-opens=java.xml/javax.xml.namespace=ALL-UNNAMED -Xmx2048m -Dfile.encoding=UTF-8 -Duser.country=US -Duser.language=en -Duser.variant -javaagent:C:\Users\CUONG\.gradle\wrapper\dists\gradle-8.13-bin\5xuhj0ry160q40clulazy9h7d\gradle-8.13\lib\agents\gradle-instrumentation-agent-8.13.jar org.gradle.launcher.daemon.bootstrap.GradleDaemon 8.13

Host: 11th Gen Intel(R) Core(TM) i5-1135G7 @ 2.40GHz, 8 cores, 7G,  Windows 11 , 64 bit Build 26100 (10.0.26100.8246)
Time: Sun Apr 19 22:16:49 2026 SE Asia Standard Time elapsed time: 85.921581 seconds (0d 0h 1m 25s)

---------------  T H R E A D  ---------------

Current thread (0x0000022e7524f7e0):  VMThread "VM Thread"          [id=13532, stack(0x000000e5e5e00000,0x000000e5e5f00000) (1024K)]

Stack: [0x000000e5e5e00000,0x000000e5e5f00000]
Native frames: (J=compiled Java code, j=interpreted, Vv=VM code, C=native code)
V  [jvm.dll+0x6d68d9]
V  [jvm.dll+0x866693]
V  [jvm.dll+0x868c4e]
V  [jvm.dll+0x869333]
V  [jvm.dll+0x280566]
V  [jvm.dll+0x6d3195]
V  [jvm.dll+0x6c69ea]
V  [jvm.dll+0x3586db]
V  [jvm.dll+0x360336]
V  [jvm.dll+0x3b240b]
V  [jvm.dll+0x3b26c8]
V  [jvm.dll+0x32ae6c]
V  [jvm.dll+0x32aef7]
V  [jvm.dll+0x370d3c]
V  [jvm.dll+0x36f4ee]
V  [jvm.dll+0x32a5c1]
V  [jvm.dll+0x36ebf0]
V  [jvm.dll+0x86f0b8]
V  [jvm.dll+0x870434]
V  [jvm.dll+0x870970]
V  [jvm.dll+0x870c03]
V  [jvm.dll+0x80eac8]
V  [jvm.dll+0x6d512d]
C  [ucrtbase.dll+0x37b0]
C  [KERNEL32.DLL+0x2e8d7]
C  [ntdll.dll+0x8c3fc]

VM_Operation (0x000000e5ea7f9c70): G1CollectForAllocation, mode: safepoint, requested by thread 0x0000022e7e57afb0


---------------  P R O C E S S  ---------------

Threads class SMR info:
_java_thread_list=0x0000022e056e2450, length=141, elements={
0x0000022e5da02490, 0x0000022e752970f0, 0x0000022e752d3220, 0x0000022e752d3c80,
0x0000022e752b3d50, 0x0000022e752b47b0, 0x0000022e752bf640, 0x0000022e752c2990,
0x0000022e752da7f0, 0x0000022e752db290, 0x0000022e755fe520, 0x0000022e7a83b880,
0x0000022e7a5edce0, 0x0000022e7b0d0420, 0x0000022e75997d10, 0x0000022e7a27b290,
0x0000022e7b280160, 0x0000022e7b1315f0, 0x0000022e7b1329a0, 0x0000022e7b1336c0,
0x0000022e7b131c80, 0x0000022e7b133d50, 0x0000022e7b130f60, 0x0000022e7b132310,
0x0000022e7b1343e0, 0x0000022e7a395be0, 0x0000022e7a393b10, 0x0000022e7a392df0,
0x0000022e7a393480, 0x0000022e7a392760, 0x0000022e7a396270, 0x0000022e7a396900,
0x0000022e7a396f90, 0x0000022e7a397620, 0x0000022e7a398340, 0x0000022e7a3989d0,
0x0000022e7a395550, 0x0000022e7a399060, 0x0000022e7a3996f0, 0x0000022e7a399d80,
0x0000022e7bcb37f0, 0x0000022e7bcb2ad0, 0x0000022e7bcb2440, 0x0000022e7bcb3160,
0x0000022e7bcb3e80, 0x0000022e7bcb1db0, 0x0000022e7bcb4510, 0x0000022e7bcb4ba0,
0x0000022e7bcb5230, 0x0000022e7e575a60, 0x0000022e7e574d40, 0x0000022e7e576e10,
0x0000022e7e5774a0, 0x0000022e7e577b30, 0x0000022e7e5760f0, 0x0000022e7e579570,
0x0000022e7e578850, 0x0000022e7e576780, 0x0000022e7e57a290, 0x0000022e7e579c00,
0x0000022e7e57a920, 0x0000022e7e578ee0, 0x0000022e7e57b640, 0x0000022e7e57bcd0,
0x0000022e7e57afb0, 0x0000022e7d60a140, 0x0000022e7d60a7d0, 0x0000022e7d608070,
0x0000022e7d608700, 0x0000022e7d60ae60, 0x0000022e7d60c210, 0x0000022e7d60bb80,
0x0000022e7d60b4f0, 0x0000022e7d608d90, 0x0000022e7d60c8a0, 0x0000022e7d609420,
0x0000022e7d60f000, 0x0000022e7d60e970, 0x0000022e7e143820, 0x0000022e7e1403a0,
0x0000022e7e145260, 0x0000022e7e143eb0, 0x0000022e7e144540, 0x0000022e7e144bd0,
0x0000022e7e1458f0, 0x0000022e7d609ab0, 0x0000022e7d60f690, 0x0000022e7e42f050,
0x0000022e7e42e330, 0x0000022e7e42fd70, 0x0000022e7e430400, 0x0000022e7e430a90,
0x0000022e7e42dca0, 0x0000022e7e432b60, 0x0000022e7e4324d0, 0x0000022e7e4317b0,
0x0000022e7e4331f0, 0x0000022e7e433880, 0x0000022e7e433f10, 0x0000022e7e431e40,
0x0000022e7e4345a0, 0x0000022e7e141de0, 0x0000022e7f460530, 0x0000022e7f45e460,
0x0000022e7f45fea0, 0x0000022e7f460bc0, 0x0000022e7f45f810, 0x0000022e7f461250,
0x0000022e7f4618e0, 0x0000022e7f461f70, 0x0000022e7f464040, 0x0000022e7f4646d0,
0x0000022e7f464d60, 0x0000022e7f4653f0, 0x0000022e7f465a80, 0x0000022e7f462600,
0x0000022e7f462c90, 0x0000022e7f463320, 0x0000022e7e13f680, 0x0000022e7e142470,
0x0000022e7f4639b0, 0x0000022e7e434c30, 0x0000022e7d15b0a0, 0x0000022e7d15b730,
0x0000022e7d15d170, 0x0000022e7d60cf30, 0x0000022e0566b090, 0x0000022e05669ce0,
0x0000022e0566a370, 0x0000022e0566bdb0, 0x0000022e05668930, 0x0000022e0566c440,
0x0000022e0566b720, 0x0000022e0566ff50, 0x0000022e0566de80, 0x0000022e0566d160,
0x0000022e05670c70, 0x0000022e0566e510, 0x0000022e0566eba0, 0x0000022e0566d7f0,
0x0000022e7f1082c0
}

Java Threads: ( => current thread )
  0x0000022e5da02490 JavaThread "main"                              [_thread_blocked, id=4752, stack(0x000000e5e5300000,0x000000e5e5400000) (1024K)]
  0x0000022e752970f0 JavaThread "Common-Cleaner"             daemon [_thread_blocked, id=17072, stack(0x000000e5e5f00000,0x000000e5e6000000) (1024K)]
  0x0000022e752d3220 JavaThread "Reference Handler"          daemon [_thread_blocked, id=4784, stack(0x000000e5e6000000,0x000000e5e6100000) (1024K)]
  0x0000022e752d3c80 JavaThread "Finalizer"                  daemon [_thread_blocked, id=1804, stack(0x000000e5e6100000,0x000000e5e6200000) (1024K)]
  0x0000022e752b3d50 JavaThread "Signal Dispatcher"          daemon [_thread_blocked, id=3212, stack(0x000000e5e6200000,0x000000e5e6300000) (1024K)]
  0x0000022e752b47b0 JavaThread "Attach Listener"            daemon [_thread_blocked, id=804, stack(0x000000e5e6300000,0x000000e5e6400000) (1024K)]
  0x0000022e752bf640 JavaThread "Service Thread"             daemon [_thread_blocked, id=17740, stack(0x000000e5e6400000,0x000000e5e6500000) (1024K)]
  0x0000022e752c2990 JavaThread "Monitor Deflation Thread"   daemon [_thread_blocked, id=7868, stack(0x000000e5e6500000,0x000000e5e6600000) (1024K)]
  0x0000022e752da7f0 JavaThread "C2 CompilerThread0"         daemon [_thread_blocked, id=17472, stack(0x000000e5e6600000,0x000000e5e6700000) (1024K)]
  0x0000022e752db290 JavaThread "C1 CompilerThread0"         daemon [_thread_blocked, id=10376, stack(0x000000e5e6700000,0x000000e5e6800000) (1024K)]
  0x0000022e755fe520 JavaThread "Notification Thread"        daemon [_thread_blocked, id=10344, stack(0x000000e5e6800000,0x000000e5e6900000) (1024K)]
  0x0000022e7a83b880 JavaThread "Daemon health stats"               [_thread_blocked, id=11976, stack(0x000000e5e6e00000,0x000000e5e6f00000) (1024K)]
  0x0000022e7a5edce0 JavaThread "Incoming local TCP Connector on port 54253"        [_thread_in_native, id=10012, stack(0x000000e5e6f00000,0x000000e5e7000000) (1024K)]
  0x0000022e7b0d0420 JavaThread "Daemon periodic checks"            [_thread_blocked, id=12808, stack(0x000000e5e7000000,0x000000e5e7100000) (1024K)]
  0x0000022e75997d10 JavaThread "Daemon"                            [_thread_blocked, id=13764, stack(0x000000e5e7100000,0x000000e5e7200000) (1024K)]
  0x0000022e7a27b290 JavaThread "Handler for socket connection from /127.0.0.1:54253 to /127.0.0.1:54254"        [_thread_in_native, id=11776, stack(0x000000e5e7200000,0x000000e5e7300000) (1024K)]
  0x0000022e7b280160 JavaThread "Cancel handler"                    [_thread_blocked, id=336, stack(0x000000e5e7300000,0x000000e5e7400000) (1024K)]
  0x0000022e7b1315f0 JavaThread "Daemon worker"                     [_thread_blocked, id=4480, stack(0x000000e5e7400000,0x000000e5e7500000) (1024K)]
  0x0000022e7b1329a0 JavaThread "Asynchronous log dispatcher for DefaultDaemonConnection: socket connection from /127.0.0.1:54253 to /127.0.0.1:54254"        [_thread_blocked, id=6008, stack(0x000000e5e7500000,0x000000e5e7600000) (1024K)]
  0x0000022e7b1336c0 JavaThread "Stdin handler"                     [_thread_blocked, id=18672, stack(0x000000e5e7600000,0x000000e5e7700000) (1024K)]
  0x0000022e7b131c80 JavaThread "Daemon client event forwarder"        [_thread_blocked, id=13720, stack(0x000000e5e7700000,0x000000e5e7800000) (1024K)]
  0x0000022e7b133d50 JavaThread "Cache worker for journal cache (C:\Users\CUONG\.gradle\caches\journal-1)"        [_thread_blocked, id=16940, stack(0x000000e5e7b00000,0x000000e5e7c00000) (1024K)]
  0x0000022e7b130f60 JavaThread "File lock request listener"        [_thread_in_native, id=19320, stack(0x000000e5e7c00000,0x000000e5e7d00000) (1024K)]
  0x0000022e7b132310 JavaThread "Cache worker for file hash cache (C:\Users\CUONG\.gradle\caches\8.13\fileHashes)"        [_thread_blocked, id=3904, stack(0x000000e5e7d00000,0x000000e5e7e00000) (1024K)]
  0x0000022e7b1343e0 JavaThread "Cache worker for file hash cache (D:\Downloads\Contactapp_v2\.gradle\8.13\fileHashes)"        [_thread_blocked, id=5924, stack(0x000000e5e7e00000,0x000000e5e7f00000) (1024K)]
  0x0000022e7a395be0 JavaThread "Cache worker for Build Output Cleanup Cache (D:\Downloads\Contactapp_v2\.gradle\buildOutputCleanup)"        [_thread_blocked, id=8464, stack(0x000000e5e7f00000,0x000000e5e8000000) (1024K)]
  0x0000022e7a393b10 JavaThread "File watcher server"        daemon [_thread_blocked, id=10312, stack(0x000000e5e8000000,0x000000e5e8100000) (1024K)]
  0x0000022e7a392df0 JavaThread "File watcher consumer"      daemon [_thread_blocked, id=10380, stack(0x000000e5e8100000,0x000000e5e8200000) (1024K)]
  0x0000022e7a393480 JavaThread "jar transforms"                    [_thread_blocked, id=14728, stack(0x000000e5e8200000,0x000000e5e8300000) (1024K)]
  0x0000022e7a392760 JavaThread "jar transforms Thread 2"           [_thread_blocked, id=5528, stack(0x000000e5e8300000,0x000000e5e8400000) (1024K)]
  0x0000022e7a396270 JavaThread "Cache worker for checksums cache (D:\Downloads\Contactapp_v2\.gradle\8.13\checksums)"        [_thread_blocked, id=15176, stack(0x000000e5e8400000,0x000000e5e8500000) (1024K)]
  0x0000022e7a396900 JavaThread "Cache worker for file content cache (C:\Users\CUONG\.gradle\caches\8.13\fileContent)"        [_thread_blocked, id=15988, stack(0x000000e5e8500000,0x000000e5e8600000) (1024K)]
  0x0000022e7a396f90 JavaThread "jar transforms Thread 3"           [_thread_blocked, id=15296, stack(0x000000e5e8600000,0x000000e5e8700000) (1024K)]
  0x0000022e7a397620 JavaThread "Cache worker for cache directory md-supplier (C:\Users\CUONG\.gradle\caches\8.13\md-supplier)"        [_thread_blocked, id=1256, stack(0x000000e5e8700000,0x000000e5e8800000) (1024K)]
  0x0000022e7a398340 JavaThread "Cache worker for cache directory md-rule (C:\Users\CUONG\.gradle\caches\8.13\md-rule)"        [_thread_blocked, id=5448, stack(0x000000e5e8800000,0x000000e5e8900000) (1024K)]
  0x0000022e7a3989d0 JavaThread "Unconstrained build operations"        [_thread_blocked, id=19448, stack(0x000000e5e8a00000,0x000000e5e8b00000) (1024K)]
  0x0000022e7a395550 JavaThread "Unconstrained build operations Thread 2"        [_thread_blocked, id=12396, stack(0x000000e5e8b00000,0x000000e5e8c00000) (1024K)]
  0x0000022e7a399060 JavaThread "Unconstrained build operations Thread 3"        [_thread_blocked, id=14068, stack(0x000000e5e8c00000,0x000000e5e8d00000) (1024K)]
  0x0000022e7a3996f0 JavaThread "Unconstrained build operations Thread 4"        [_thread_blocked, id=13564, stack(0x000000e5e8d00000,0x000000e5e8e00000) (1024K)]
  0x0000022e7a399d80 JavaThread "Unconstrained build operations Thread 5"        [_thread_blocked, id=16504, stack(0x000000e5e8e00000,0x000000e5e8f00000) (1024K)]
  0x0000022e7bcb37f0 JavaThread "Unconstrained build operations Thread 6"        [_thread_blocked, id=1552, stack(0x000000e5e8f00000,0x000000e5e9000000) (1024K)]
  0x0000022e7bcb2ad0 JavaThread "Unconstrained build operations Thread 7"        [_thread_blocked, id=12908, stack(0x000000e5e9000000,0x000000e5e9100000) (1024K)]
  0x0000022e7bcb2440 JavaThread "Unconstrained build operations Thread 8"        [_thread_blocked, id=12560, stack(0x000000e5e9100000,0x000000e5e9200000) (1024K)]
  0x0000022e7bcb3160 JavaThread "Unconstrained build operations Thread 9"        [_thread_blocked, id=8080, stack(0x000000e5e9200000,0x000000e5e9300000) (1024K)]
  0x0000022e7bcb3e80 JavaThread "Unconstrained build operations Thread 10"        [_thread_blocked, id=7756, stack(0x000000e5e9300000,0x000000e5e9400000) (1024K)]
  0x0000022e7bcb1db0 JavaThread "jar transforms Thread 4"           [_thread_blocked, id=17868, stack(0x000000e5e9400000,0x000000e5e9500000) (1024K)]
  0x0000022e7bcb4510 JavaThread "jar transforms Thread 5"           [_thread_blocked, id=12344, stack(0x000000e5e9500000,0x000000e5e9600000) (1024K)]
  0x0000022e7bcb4ba0 JavaThread "Unconstrained build operations Thread 11"        [_thread_blocked, id=11040, stack(0x000000e5e9600000,0x000000e5e9700000) (1024K)]
  0x0000022e7bcb5230 JavaThread "Unconstrained build operations Thread 12"        [_thread_blocked, id=1328, stack(0x000000e5e9700000,0x000000e5e9800000) (1024K)]
  0x0000022e7e575a60 JavaThread "Unconstrained build operations Thread 13"        [_thread_blocked, id=11160, stack(0x000000e5e9800000,0x000000e5e9900000) (1024K)]
  0x0000022e7e574d40 JavaThread "Unconstrained build operations Thread 14"        [_thread_blocked, id=15912, stack(0x000000e5e9900000,0x000000e5e9a00000) (1024K)]
  0x0000022e7e576e10 JavaThread "Unconstrained build operations Thread 15"        [_thread_blocked, id=10920, stack(0x000000e5e9a00000,0x000000e5e9b00000) (1024K)]
  0x0000022e7e5774a0 JavaThread "jar transforms Thread 6"           [_thread_blocked, id=17400, stack(0x000000e5e9b00000,0x000000e5e9c00000) (1024K)]
  0x0000022e7e577b30 JavaThread "jar transforms Thread 7"           [_thread_blocked, id=17988, stack(0x000000e5e9c00000,0x000000e5e9d00000) (1024K)]
  0x0000022e7e5760f0 JavaThread "jar transforms Thread 8"           [_thread_blocked, id=6948, stack(0x000000e5e9d00000,0x000000e5e9e00000) (1024K)]
  0x0000022e7e579570 JavaThread "Unconstrained build operations Thread 16"        [_thread_blocked, id=6556, stack(0x000000e5e9e00000,0x000000e5e9f00000) (1024K)]
  0x0000022e7e578850 JavaThread "Unconstrained build operations Thread 17"        [_thread_blocked, id=8700, stack(0x000000e5e9f00000,0x000000e5ea000000) (1024K)]
  0x0000022e7e576780 JavaThread "Unconstrained build operations Thread 18"        [_thread_blocked, id=3024, stack(0x000000e5ea000000,0x000000e5ea100000) (1024K)]
  0x0000022e7e57a290 JavaThread "Unconstrained build operations Thread 19"        [_thread_blocked, id=13760, stack(0x000000e5ea100000,0x000000e5ea200000) (1024K)]
  0x0000022e7e579c00 JavaThread "Unconstrained build operations Thread 20"        [_thread_blocked, id=5544, stack(0x000000e5ea200000,0x000000e5ea300000) (1024K)]
  0x0000022e7e57a920 JavaThread "Unconstrained build operations Thread 21"        [_thread_blocked, id=16744, stack(0x000000e5ea300000,0x000000e5ea400000) (1024K)]
  0x0000022e7e578ee0 JavaThread "Unconstrained build operations Thread 22"        [_thread_blocked, id=17216, stack(0x000000e5ea400000,0x000000e5ea500000) (1024K)]
  0x0000022e7e57b640 JavaThread "Unconstrained build operations Thread 23"        [_thread_blocked, id=2384, stack(0x000000e5ea500000,0x000000e5ea600000) (1024K)]
  0x0000022e7e57bcd0 JavaThread "Unconstrained build operations Thread 24"        [_thread_blocked, id=16644, stack(0x000000e5ea600000,0x000000e5ea700000) (1024K)]
  0x0000022e7e57afb0 JavaThread "Unconstrained build operations Thread 25"        [_thread_blocked, id=2544, stack(0x000000e5ea700000,0x000000e5ea800000) (1024K)]
  0x0000022e7d60a140 JavaThread "Unconstrained build operations Thread 26"        [_thread_blocked, id=18320, stack(0x000000e5ea800000,0x000000e5ea900000) (1024K)]
  0x0000022e7d60a7d0 JavaThread "Unconstrained build operations Thread 27"        [_thread_blocked, id=13876, stack(0x000000e5ea900000,0x000000e5eaa00000) (1024K)]
  0x0000022e7d608070 JavaThread "Unconstrained build operations Thread 28"        [_thread_blocked, id=11344, stack(0x000000e5eaa00000,0x000000e5eab00000) (1024K)]
  0x0000022e7d608700 JavaThread "Unconstrained build operations Thread 29"        [_thread_blocked, id=18916, stack(0x000000e5eab00000,0x000000e5eac00000) (1024K)]
  0x0000022e7d60ae60 JavaThread "Unconstrained build operations Thread 30"        [_thread_blocked, id=11456, stack(0x000000e5eac00000,0x000000e5ead00000) (1024K)]
  0x0000022e7d60c210 JavaThread "Unconstrained build operations Thread 31"        [_thread_blocked, id=3872, stack(0x000000e5ead00000,0x000000e5eae00000) (1024K)]
  0x0000022e7d60bb80 JavaThread "Unconstrained build operations Thread 32"        [_thread_blocked, id=13628, stack(0x000000e5eae00000,0x000000e5eaf00000) (1024K)]
  0x0000022e7d60b4f0 JavaThread "Unconstrained build operations Thread 33"        [_thread_blocked, id=14176, stack(0x000000e5eaf00000,0x000000e5eb000000) (1024K)]
  0x0000022e7d608d90 JavaThread "Unconstrained build operations Thread 34"        [_thread_blocked, id=2604, stack(0x000000e5eb000000,0x000000e5eb100000) (1024K)]
  0x0000022e7d60c8a0 JavaThread "Unconstrained build operations Thread 35"        [_thread_blocked, id=12772, stack(0x000000e5eb100000,0x000000e5eb200000) (1024K)]
  0x0000022e7d609420 JavaThread "Unconstrained build operations Thread 36"        [_thread_blocked, id=4332, stack(0x000000e5eb200000,0x000000e5eb300000) (1024K)]
  0x0000022e7d60f000 JavaThread "build event listener"              [_thread_blocked, id=14656, stack(0x000000e5e8900000,0x000000e5e8a00000) (1024K)]
  0x0000022e7d60e970 JavaThread "Memory manager"                    [_thread_blocked, id=12332, stack(0x000000e5eb400000,0x000000e5eb500000) (1024K)]
  0x0000022e7e143820 JavaThread "included builds"                   [_thread_blocked, id=19004, stack(0x000000e5eb300000,0x000000e5eb400000) (1024K)]
  0x0000022e7e1403a0 JavaThread "Execution worker"                  [_thread_blocked, id=18296, stack(0x000000e5eb500000,0x000000e5eb600000) (1024K)]
  0x0000022e7e145260 JavaThread "Execution worker Thread 2"         [_thread_blocked, id=17764, stack(0x000000e5eb600000,0x000000e5eb700000) (1024K)]
  0x0000022e7e143eb0 JavaThread "Execution worker Thread 3"         [_thread_blocked, id=3112, stack(0x000000e5eb700000,0x000000e5eb800000) (1024K)]
  0x0000022e7e144540 JavaThread "Execution worker Thread 4"         [_thread_blocked, id=12340, stack(0x000000e5eb800000,0x000000e5eb900000) (1024K)]
  0x0000022e7e144bd0 JavaThread "Execution worker Thread 5"         [_thread_blocked, id=6164, stack(0x000000e5eb900000,0x000000e5eba00000) (1024K)]
  0x0000022e7e1458f0 JavaThread "Execution worker Thread 6"         [_thread_blocked, id=17488, stack(0x000000e5eba00000,0x000000e5ebb00000) (1024K)]
  0x0000022e7d609ab0 JavaThread "Execution worker Thread 7"         [_thread_blocked, id=2824, stack(0x000000e5ebb00000,0x000000e5ebc00000) (1024K)]
  0x0000022e7d60f690 JavaThread "Cache worker for execution history cache (D:\Downloads\Contactapp_v2\.gradle\8.13\executionHistory)"        [_thread_blocked, id=724, stack(0x000000e5ebc00000,0x000000e5ebd00000) (1024K)]
  0x0000022e7e42f050 JavaThread "Unconstrained build operations Thread 37"        [_thread_blocked, id=9060, stack(0x000000e5ebd00000,0x000000e5ebe00000) (1024K)]
  0x0000022e7e42e330 JavaThread "Unconstrained build operations Thread 38"        [_thread_blocked, id=6440, stack(0x000000e5ebe00000,0x000000e5ebf00000) (1024K)]
  0x0000022e7e42fd70 JavaThread "Unconstrained build operations Thread 39"        [_thread_blocked, id=8344, stack(0x000000e5ebf00000,0x000000e5ec000000) (1024K)]
  0x0000022e7e430400 JavaThread "Unconstrained build operations Thread 40"        [_thread_blocked, id=17020, stack(0x000000e5ec000000,0x000000e5ec100000) (1024K)]
  0x0000022e7e430a90 JavaThread "Unconstrained build operations Thread 41"        [_thread_blocked, id=9476, stack(0x000000e5ec100000,0x000000e5ec200000) (1024K)]
  0x0000022e7e42dca0 JavaThread "Unconstrained build operations Thread 42"        [_thread_blocked, id=15436, stack(0x000000e5ec200000,0x000000e5ec300000) (1024K)]
  0x0000022e7e432b60 JavaThread "Unconstrained build operations Thread 43"        [_thread_blocked, id=11692, stack(0x000000e5ec300000,0x000000e5ec400000) (1024K)]
  0x0000022e7e4324d0 JavaThread "Unconstrained build operations Thread 44"        [_thread_blocked, id=12500, stack(0x000000e5ec400000,0x000000e5ec500000) (1024K)]
  0x0000022e7e4317b0 JavaThread "Unconstrained build operations Thread 45"        [_thread_blocked, id=12612, stack(0x000000e5ec500000,0x000000e5ec600000) (1024K)]
  0x0000022e7e4331f0 JavaThread "Unconstrained build operations Thread 46"        [_thread_blocked, id=16160, stack(0x000000e5ec600000,0x000000e5ec700000) (1024K)]
  0x0000022e7e433880 JavaThread "Unconstrained build operations Thread 47"        [_thread_blocked, id=5116, stack(0x000000e5ec700000,0x000000e5ec800000) (1024K)]
  0x0000022e7e433f10 JavaThread "Unconstrained build operations Thread 48"        [_thread_blocked, id=5952, stack(0x000000e5ec800000,0x000000e5ec900000) (1024K)]
  0x0000022e7e431e40 JavaThread "Unconstrained build operations Thread 49"        [_thread_blocked, id=13100, stack(0x000000e5ec900000,0x000000e5eca00000) (1024K)]
  0x0000022e7e4345a0 JavaThread "Unconstrained build operations Thread 50"        [_thread_blocked, id=3592, stack(0x000000e5eca00000,0x000000e5ecb00000) (1024K)]
  0x0000022e7e141de0 JavaThread "WorkerExecutor Queue"              [_thread_blocked, id=13636, stack(0x000000e5ecb00000,0x000000e5ecc00000) (1024K)]
  0x0000022e7f460530 JavaThread "Unconstrained build operations Thread 51"        [_thread_blocked, id=18996, stack(0x000000e5ecc00000,0x000000e5ecd00000) (1024K)]
  0x0000022e7f45e460 JavaThread "Unconstrained build operations Thread 52"        [_thread_blocked, id=11144, stack(0x000000e5ecd00000,0x000000e5ece00000) (1024K)]
  0x0000022e7f45fea0 JavaThread "Unconstrained build operations Thread 53"        [_thread_blocked, id=18168, stack(0x000000e5ece00000,0x000000e5ecf00000) (1024K)]
  0x0000022e7f460bc0 JavaThread "Unconstrained build operations Thread 54"        [_thread_blocked, id=17624, stack(0x000000e5ecf00000,0x000000e5ed000000) (1024K)]
  0x0000022e7f45f810 JavaThread "Unconstrained build operations Thread 55"        [_thread_blocked, id=13576, stack(0x000000e5ed000000,0x000000e5ed100000) (1024K)]
  0x0000022e7f461250 JavaThread "Unconstrained build operations Thread 56"        [_thread_blocked, id=6156, stack(0x000000e5ed100000,0x000000e5ed200000) (1024K)]
  0x0000022e7f4618e0 JavaThread "Unconstrained build operations Thread 57"        [_thread_blocked, id=16976, stack(0x000000e5ed200000,0x000000e5ed300000) (1024K)]
  0x0000022e7f461f70 JavaThread "Unconstrained build operations Thread 58"        [_thread_blocked, id=12160, stack(0x000000e5ed400000,0x000000e5ed500000) (1024K)]
  0x0000022e7f464040 JavaThread "WorkerExecutor Queue Thread 2"        [_thread_blocked, id=13516, stack(0x000000e5ed500000,0x000000e5ed600000) (1024K)]
  0x0000022e7f4646d0 JavaThread "Unconstrained build operations Thread 59"        [_thread_blocked, id=11972, stack(0x000000e5ed600000,0x000000e5ed700000) (1024K)]
  0x0000022e7f464d60 JavaThread "Unconstrained build operations Thread 60"        [_thread_blocked, id=14220, stack(0x000000e5ed700000,0x000000e5ed800000) (1024K)]
  0x0000022e7f4653f0 JavaThread "Unconstrained build operations Thread 61"        [_thread_blocked, id=16456, stack(0x000000e5ed800000,0x000000e5ed900000) (1024K)]
  0x0000022e7f465a80 JavaThread "Unconstrained build operations Thread 62"        [_thread_blocked, id=17716, stack(0x000000e5ed900000,0x000000e5eda00000) (1024K)]
  0x0000022e7f462600 JavaThread "Unconstrained build operations Thread 63"        [_thread_blocked, id=3944, stack(0x000000e5eda00000,0x000000e5edb00000) (1024K)]
  0x0000022e7f462c90 JavaThread "Unconstrained build operations Thread 64"        [_thread_blocked, id=4920, stack(0x000000e5edb00000,0x000000e5edc00000) (1024K)]
  0x0000022e7f463320 JavaThread "Unconstrained build operations Thread 65"        [_thread_blocked, id=3896, stack(0x000000e5edc00000,0x000000e5edd00000) (1024K)]
  0x0000022e7e13f680 JavaThread "WorkerExecutor Queue Thread 3"        [_thread_blocked, id=14920, stack(0x000000e5ed300000,0x000000e5ed400000) (1024K)]
  0x0000022e7e142470 JavaThread "WorkerExecutor Queue Thread 4"        [_thread_blocked, id=11432, stack(0x000000e5edd00000,0x000000e5ede00000) (1024K)]
  0x0000022e7f4639b0 JavaThread "WorkerExecutor Queue Thread 5"        [_thread_blocked, id=10876, stack(0x000000e5ede00000,0x000000e5edf00000) (1024K)]
  0x0000022e7e434c30 JavaThread "WorkerExecutor Queue Thread 6"        [_thread_blocked, id=7708, stack(0x000000e5edf00000,0x000000e5ee000000) (1024K)]
  0x0000022e7d15b0a0 JavaThread "WorkerExecutor Queue Thread 7"        [_thread_blocked, id=7784, stack(0x000000e5ee000000,0x000000e5ee100000) (1024K)]
  0x0000022e7d15b730 JavaThread "WorkerExecutor Queue Thread 8"        [_thread_blocked, id=1396, stack(0x000000e5ee100000,0x000000e5ee200000) (1024K)]
  0x0000022e7d15d170 JavaThread "Java2D Disposer"            daemon [_thread_blocked, id=10740, stack(0x000000e5ee200000,0x000000e5ee300000) (1024K)]
  0x0000022e7d60cf30 JavaThread "Unconstrained build operations Thread 66"        [_thread_blocked, id=14752, stack(0x000000e5ee400000,0x000000e5ee500000) (1024K)]
  0x0000022e0566b090 JavaThread "Unconstrained build operations Thread 67"        [_thread_blocked, id=18816, stack(0x000000e5ee500000,0x000000e5ee600000) (1024K)]
  0x0000022e05669ce0 JavaThread "Unconstrained build operations Thread 68"        [_thread_blocked, id=12864, stack(0x000000e5ee600000,0x000000e5ee700000) (1024K)]
  0x0000022e0566a370 JavaThread "Unconstrained build operations Thread 69"        [_thread_blocked, id=8376, stack(0x000000e5ee700000,0x000000e5ee800000) (1024K)]
  0x0000022e0566bdb0 JavaThread "Unconstrained build operations Thread 70"        [_thread_blocked, id=16972, stack(0x000000e5ee800000,0x000000e5ee900000) (1024K)]
  0x0000022e05668930 JavaThread "Unconstrained build operations Thread 71"        [_thread_blocked, id=1968, stack(0x000000e5ee900000,0x000000e5eea00000) (1024K)]
  0x0000022e0566c440 JavaThread "Unconstrained build operations Thread 72"        [_thread_blocked, id=16516, stack(0x000000e5eea00000,0x000000e5eeb00000) (1024K)]
  0x0000022e0566b720 JavaThread "Unconstrained build operations Thread 73"        [_thread_blocked, id=12064, stack(0x000000e5eeb00000,0x000000e5eec00000) (1024K)]
  0x0000022e0566ff50 JavaThread "Unconstrained build operations Thread 74"        [_thread_blocked, id=19032, stack(0x000000e5eec00000,0x000000e5eed00000) (1024K)]
  0x0000022e0566de80 JavaThread "Unconstrained build operations Thread 75"        [_thread_blocked, id=10884, stack(0x000000e5eed00000,0x000000e5eee00000) (1024K)]
  0x0000022e0566d160 JavaThread "Unconstrained build operations Thread 76"        [_thread_blocked, id=18640, stack(0x000000e5eee00000,0x000000e5eef00000) (1024K)]
  0x0000022e05670c70 JavaThread "Unconstrained build operations Thread 77"        [_thread_blocked, id=1924, stack(0x000000e5eef00000,0x000000e5ef000000) (1024K)]
  0x0000022e0566e510 JavaThread "Unconstrained build operations Thread 78"        [_thread_blocked, id=14596, stack(0x000000e5ef000000,0x000000e5ef100000) (1024K)]
  0x0000022e0566eba0 JavaThread "Unconstrained build operations Thread 79"        [_thread_blocked, id=2432, stack(0x000000e5ef100000,0x000000e5ef200000) (1024K)]
  0x0000022e0566d7f0 JavaThread "Unconstrained build operations Thread 80"        [_thread_blocked, id=12788, stack(0x000000e5ef200000,0x000000e5ef300000) (1024K)]
  0x0000022e7f1082c0 JavaThread "C2 CompilerThread1"         daemon [_thread_blocked, id=12956, stack(0x000000e5e5600000,0x000000e5e5700000) (1024K)]
Total: 141

Other Threads:
=>0x0000022e7524f7e0 VMThread "VM Thread"                           [id=13532, stack(0x000000e5e5e00000,0x000000e5e5f00000) (1024K)]
  0x0000022e74d5b290 WatcherThread "VM Periodic Task Thread"        [id=14860, stack(0x000000e5e5d00000,0x000000e5e5e00000) (1024K)]
  0x0000022e5da5ca10 WorkerThread "GC Thread#0"                     [id=9748, stack(0x000000e5e5400000,0x000000e5e5500000) (1024K)]
  0x0000022e757ce9a0 WorkerThread "GC Thread#1"                     [id=13752, stack(0x000000e5e6900000,0x000000e5e6a00000) (1024K)]
  0x0000022e75a70f30 WorkerThread "GC Thread#2"                     [id=10324, stack(0x000000e5e6a00000,0x000000e5e6b00000) (1024K)]
  0x0000022e7a65f6e0 WorkerThread "GC Thread#3"                     [id=3536, stack(0x000000e5e6b00000,0x000000e5e6c00000) (1024K)]
  0x0000022e7a660b30 WorkerThread "GC Thread#4"                     [id=15068, stack(0x000000e5e6c00000,0x000000e5e6d00000) (1024K)]
  0x0000022e7a85c000 WorkerThread "GC Thread#5"                     [id=15392, stack(0x000000e5e6d00000,0x000000e5e6e00000) (1024K)]
  0x0000022e7b13fa10 WorkerThread "GC Thread#6"                     [id=5104, stack(0x000000e5e7800000,0x000000e5e7900000) (1024K)]
  0x0000022e7b1401c0 WorkerThread "GC Thread#7"                     [id=8172, stack(0x000000e5e7900000,0x000000e5e7a00000) (1024K)]
  0x0000022e5da6d900 ConcurrentGCThread "G1 Main Marker"            [id=11816, stack(0x000000e5e5900000,0x000000e5e5a00000) (1024K)]
  0x0000022e5da70970 WorkerThread "G1 Conc#0"                       [id=8440, stack(0x000000e5e5a00000,0x000000e5e5b00000) (1024K)]
  0x0000022e7b35c2b0 WorkerThread "G1 Conc#1"                       [id=16348, stack(0x000000e5e7a00000,0x000000e5e7b00000) (1024K)]
  0x0000022e74c26ea0 ConcurrentGCThread "G1 Refine#0"               [id=4508, stack(0x000000e5e5b00000,0x000000e5e5c00000) (1024K)]
  0x0000022e74c276c0 ConcurrentGCThread "G1 Service"                [id=13756, stack(0x000000e5e5c00000,0x000000e5e5d00000) (1024K)]
Total: 15

Threads with active compile tasks:
C2 CompilerThread0  89834 25439 %     4       com.android.tools.r8.internal.l32::b @ 924 (2119 bytes)
C2 CompilerThread1  89834 25503 %     4       com.android.tools.r8.internal.l32::a @ 310 (3042 bytes)
Total: 2

VM state: at safepoint (normal execution)

VM Mutex/Monitor currently owned by a thread:  ([mutex/lock_event])
[0x00007ffe386985b8] Threads_lock - owner thread: 0x0000022e7524f7e0
[0x00007ffe386986b8] Heap_lock - owner thread: 0x0000022e7e57afb0

Heap address: 0x0000000080000000, size: 2048 MB, Compressed Oops mode: 32-bit

CDS archive(s) not mapped
Compressed class space mapped at: 0x0000000100000000-0x0000000140000000, reserved size: 1073741824
Narrow klass base: 0x0000000000000000, Narrow klass shift: 3, Narrow klass range: 0x140000000

GC Precious Log:
 CardTable entry size: 512
 Card Set container configuration: InlinePtr #cards 5 size 8 Array Of Cards #cards 12 size 40 Howl #buckets 4 coarsen threshold 1843 Howl Bitmap #cards 512 size 80 coarsen threshold 460 Card regions per heap region 1 cards per card region 2048
 CPUs: 8 total, 8 available
 Memory: 7885M
 Large Page Support: Disabled
 NUMA Support: Disabled
 Compressed Oops: Enabled (32-bit)
 Heap Region Size: 1M
 Heap Min Capacity: 8M
 Heap Initial Capacity: 124M
 Heap Max Capacity: 2G
 Pre-touch: Disabled
 Parallel Workers: 8
 Concurrent Workers: 2
 Concurrent Refinement Workers: 8
 Periodic GC: Disabled

Heap:
 garbage-first heap   total 645120K, used 220727K [0x0000000080000000, 0x0000000100000000)
  region size 1024K, 4 young (4096K), 4 survivors (4096K)
 Metaspace       used 147547K, committed 149952K, reserved 1179648K
  class space    used 20530K, committed 21696K, reserved 1048576K

Heap Regions: E=young(eden), S=young(survivor), O=old, HS=humongous(starts), HC=humongous(continues), CS=collection set, F=free, TAMS=top-at-mark-start, PB=parsable bottom
|   0|0x0000000080000000, 0x0000000080100000, 0x0000000080100000|100%|HS|  |TAMS 0x0000000080000000| PB 0x0000000080000000| Complete 
|   1|0x0000000080100000, 0x0000000080200000, 0x0000000080200000|100%|HC|  |TAMS 0x0000000080100000| PB 0x0000000080100000| Complete 
|   2|0x0000000080200000, 0x0000000080300000, 0x0000000080300000|100%|HC|  |TAMS 0x0000000080200000| PB 0x0000000080200000| Complete 
|   3|0x0000000080300000, 0x0000000080400000, 0x0000000080400000|100%| O|  |TAMS 0x0000000080300000| PB 0x0000000080300000| Untracked 
|   4|0x0000000080400000, 0x0000000080500000, 0x0000000080500000|100%| O|  |TAMS 0x0000000080400000| PB 0x0000000080400000| Untracked 
|   5|0x0000000080500000, 0x0000000080600000, 0x0000000080600000|100%| O|  |TAMS 0x0000000080500000| PB 0x0000000080500000| Untracked 
|   6|0x0000000080600000, 0x0000000080700000, 0x0000000080700000|100%|HS|  |TAMS 0x0000000080600000| PB 0x0000000080600000| Complete 
|   7|0x0000000080700000, 0x0000000080800000, 0x0000000080800000|100%| O|  |TAMS 0x0000000080700000| PB 0x0000000080700000| Untracked 
|   8|0x0000000080800000, 0x0000000080900000, 0x0000000080900000|100%| O|  |TAMS 0x0000000080800000| PB 0x0000000080800000| Untracked 
|   9|0x0000000080900000, 0x0000000080a00000, 0x0000000080a00000|100%| O|  |TAMS 0x0000000080900000| PB 0x0000000080900000| Untracked 
|  10|0x0000000080a00000, 0x0000000080b00000, 0x0000000080b00000|100%| O|  |TAMS 0x0000000080a00000| PB 0x0000000080a00000| Untracked 
|  11|0x0000000080b00000, 0x0000000080c00000, 0x0000000080c00000|100%| O|  |TAMS 0x0000000080b00000| PB 0x0000000080b00000| Untracked 
|  12|0x0000000080c00000, 0x0000000080d00000, 0x0000000080d00000|100%| O|  |TAMS 0x0000000080c00000| PB 0x0000000080c00000| Untracked 
|  13|0x0000000080d00000, 0x0000000080e00000, 0x0000000080e00000|100%| O|  |TAMS 0x0000000080d00000| PB 0x0000000080d00000| Untracked 
|  14|0x0000000080e00000, 0x0000000080f00000, 0x0000000080f00000|100%| O|  |TAMS 0x0000000080e00000| PB 0x0000000080e00000| Untracked 
|  15|0x0000000080f00000, 0x0000000081000000, 0x0000000081000000|100%| O|  |TAMS 0x0000000080f00000| PB 0x0000000080f00000| Untracked 
|  16|0x0000000081000000, 0x0000000081100000, 0x0000000081100000|100%| O|  |TAMS 0x0000000081000000| PB 0x0000000081000000| Untracked 
|  17|0x0000000081100000, 0x0000000081200000, 0x0000000081200000|100%| O|  |TAMS 0x0000000081100000| PB 0x0000000081100000| Untracked 
|  18|0x0000000081200000, 0x0000000081300000, 0x0000000081300000|100%| O|  |TAMS 0x0000000081200000| PB 0x0000000081200000| Untracked 
|  19|0x0000000081300000, 0x0000000081400000, 0x0000000081400000|100%| O|  |TAMS 0x0000000081300000| PB 0x0000000081300000| Untracked 
|  20|0x0000000081400000, 0x0000000081500000, 0x0000000081500000|100%| O|  |TAMS 0x0000000081400000| PB 0x0000000081400000| Untracked 
|  21|0x0000000081500000, 0x0000000081600000, 0x0000000081600000|100%| O|  |TAMS 0x0000000081500000| PB 0x0000000081500000| Untracked 
|  22|0x0000000081600000, 0x0000000081700000, 0x0000000081700000|100%| O|  |TAMS 0x0000000081600000| PB 0x0000000081600000| Untracked 
|  23|0x0000000081700000, 0x0000000081800000, 0x0000000081800000|100%| O|  |TAMS 0x0000000081700000| PB 0x0000000081700000| Untracked 
|  24|0x0000000081800000, 0x0000000081900000, 0x0000000081900000|100%| O|  |TAMS 0x0000000081800000| PB 0x0000000081800000| Untracked 
|  25|0x0000000081900000, 0x0000000081a00000, 0x0000000081a00000|100%| O|  |TAMS 0x0000000081900000| PB 0x0000000081900000| Untracked 
|  26|0x0000000081a00000, 0x0000000081b00000, 0x0000000081b00000|100%| O|  |TAMS 0x0000000081a00000| PB 0x0000000081a00000| Untracked 
|  27|0x0000000081b00000, 0x0000000081c00000, 0x0000000081c00000|100%|HS|  |TAMS 0x0000000081b00000| PB 0x0000000081b00000| Complete 
|  28|0x0000000081c00000, 0x0000000081d00000, 0x0000000081d00000|100%|HC|  |TAMS 0x0000000081c00000| PB 0x0000000081c00000| Complete 
|  29|0x0000000081d00000, 0x0000000081e00000, 0x0000000081e00000|100%| O|  |TAMS 0x0000000081d00000| PB 0x0000000081d00000| Untracked 
|  30|0x0000000081e00000, 0x0000000081f00000, 0x0000000081f00000|100%| O|  |TAMS 0x0000000081e00000| PB 0x0000000081e00000| Untracked 
|  31|0x0000000081f00000, 0x0000000082000000, 0x0000000082000000|100%| O|  |TAMS 0x0000000081f00000| PB 0x0000000081f00000| Untracked 
|  32|0x0000000082000000, 0x0000000082100000, 0x0000000082100000|100%| O|  |TAMS 0x0000000082000000| PB 0x0000000082000000| Untracked 
|  33|0x0000000082100000, 0x0000000082200000, 0x0000000082200000|100%| O|  |TAMS 0x0000000082100000| PB 0x0000000082100000| Untracked 
|  34|0x0000000082200000, 0x0000000082300000, 0x0000000082300000|100%| O|  |TAMS 0x0000000082200000| PB 0x0000000082200000| Untracked 
|  35|0x0000000082300000, 0x0000000082400000, 0x0000000082400000|100%| O|  |TAMS 0x0000000082300000| PB 0x0000000082300000| Untracked 
|  36|0x0000000082400000, 0x0000000082500000, 0x0000000082500000|100%| O|  |TAMS 0x0000000082400000| PB 0x0000000082400000| Untracked 
|  37|0x0000000082500000, 0x0000000082600000, 0x0000000082600000|100%| O|  |TAMS 0x0000000082500000| PB 0x0000000082500000| Untracked 
|  38|0x0000000082600000, 0x0000000082700000, 0x0000000082700000|100%| O|  |TAMS 0x0000000082600000| PB 0x0000000082600000| Untracked 
|  39|0x0000000082700000, 0x0000000082800000, 0x0000000082800000|100%| O|  |TAMS 0x0000000082700000| PB 0x0000000082700000| Untracked 
|  40|0x0000000082800000, 0x0000000082900000, 0x0000000082900000|100%| O|  |TAMS 0x0000000082800000| PB 0x0000000082800000| Untracked 
|  41|0x0000000082900000, 0x0000000082a00000, 0x0000000082a00000|100%| O|  |TAMS 0x0000000082900000| PB 0x0000000082900000| Untracked 
|  42|0x0000000082a00000, 0x0000000082b00000, 0x0000000082b00000|100%| O|  |TAMS 0x0000000082a00000| PB 0x0000000082a00000| Untracked 
|  43|0x0000000082b00000, 0x0000000082c00000, 0x0000000082c00000|100%| O|  |TAMS 0x0000000082b00000| PB 0x0000000082b00000| Untracked 
|  44|0x0000000082c00000, 0x0000000082d00000, 0x0000000082d00000|100%| O|  |TAMS 0x0000000082c00000| PB 0x0000000082c00000| Untracked 
|  45|0x0000000082d00000, 0x0000000082e00000, 0x0000000082e00000|100%| O|  |TAMS 0x0000000082d00000| PB 0x0000000082d00000| Untracked 
|  46|0x0000000082e00000, 0x0000000082f00000, 0x0000000082f00000|100%|HS|  |TAMS 0x0000000082e00000| PB 0x0000000082e00000| Complete 
|  47|0x0000000082f00000, 0x0000000083000000, 0x0000000083000000|100%| O|  |TAMS 0x0000000082f00000| PB 0x0000000082f00000| Untracked 
|  48|0x0000000083000000, 0x0000000083100000, 0x0000000083100000|100%| O|  |TAMS 0x0000000083000000| PB 0x0000000083000000| Untracked 
|  49|0x0000000083100000, 0x0000000083200000, 0x0000000083200000|100%| O|  |TAMS 0x0000000083100000| PB 0x0000000083100000| Untracked 
|  50|0x0000000083200000, 0x0000000083300000, 0x0000000083300000|100%| O|  |TAMS 0x0000000083200000| PB 0x0000000083200000| Untracked 
|  51|0x0000000083300000, 0x0000000083400000, 0x0000000083400000|100%|HS|  |TAMS 0x0000000083300000| PB 0x0000000083300000| Complete 
|  52|0x0000000083400000, 0x0000000083500000, 0x0000000083500000|100%|HS|  |TAMS 0x0000000083400000| PB 0x0000000083400000| Complete 
|  53|0x0000000083500000, 0x0000000083600000, 0x0000000083600000|100%| O|  |TAMS 0x0000000083500000| PB 0x0000000083500000| Untracked 
|  54|0x0000000083600000, 0x0000000083700000, 0x0000000083700000|100%| O|  |TAMS 0x0000000083600000| PB 0x0000000083600000| Untracked 
|  55|0x0000000083700000, 0x0000000083800000, 0x0000000083800000|100%|HS|  |TAMS 0x0000000083700000| PB 0x0000000083700000| Complete 
|  56|0x0000000083800000, 0x0000000083900000, 0x0000000083900000|100%| O|  |TAMS 0x0000000083800000| PB 0x0000000083800000| Untracked 
|  57|0x0000000083900000, 0x0000000083a00000, 0x0000000083a00000|100%|HS|  |TAMS 0x0000000083900000| PB 0x0000000083900000| Complete 
|  58|0x0000000083a00000, 0x0000000083b00000, 0x0000000083b00000|100%|HS|  |TAMS 0x0000000083a00000| PB 0x0000000083a00000| Complete 
|  59|0x0000000083b00000, 0x0000000083c00000, 0x0000000083c00000|100%| O|  |TAMS 0x0000000083b00000| PB 0x0000000083b00000| Untracked 
|  60|0x0000000083c00000, 0x0000000083d00000, 0x0000000083d00000|100%| O|  |TAMS 0x0000000083c00000| PB 0x0000000083c00000| Untracked 
|  61|0x0000000083d00000, 0x0000000083e00000, 0x0000000083e00000|100%| O|  |TAMS 0x0000000083d00000| PB 0x0000000083d00000| Untracked 
|  62|0x0000000083e00000, 0x0000000083f00000, 0x0000000083f00000|100%| O|  |TAMS 0x0000000083e00000| PB 0x0000000083e00000| Untracked 
|  63|0x0000000083f00000, 0x0000000084000000, 0x0000000084000000|100%| O|  |TAMS 0x0000000083f00000| PB 0x0000000083f00000| Untracked 
|  64|0x0000000084000000, 0x0000000084100000, 0x0000000084100000|100%| O|  |TAMS 0x0000000084000000| PB 0x0000000084000000| Untracked 
|  65|0x0000000084100000, 0x0000000084200000, 0x0000000084200000|100%| O|  |TAMS 0x0000000084100000| PB 0x0000000084100000| Untracked 
|  66|0x0000000084200000, 0x0000000084300000, 0x0000000084300000|100%| O|  |TAMS 0x0000000084200000| PB 0x0000000084200000| Untracked 
|  67|0x0000000084300000, 0x0000000084400000, 0x0000000084400000|100%|HS|  |TAMS 0x0000000084300000| PB 0x0000000084300000| Complete 
|  68|0x0000000084400000, 0x0000000084500000, 0x0000000084500000|100%| O|  |TAMS 0x0000000084400000| PB 0x0000000084400000| Untracked 
|  69|0x0000000084500000, 0x0000000084600000, 0x0000000084600000|100%| O|  |TAMS 0x0000000084500000| PB 0x0000000084500000| Untracked 
|  70|0x0000000084600000, 0x0000000084700000, 0x0000000084700000|100%| O|  |TAMS 0x0000000084600000| PB 0x0000000084600000| Untracked 
|  71|0x0000000084700000, 0x0000000084800000, 0x0000000084800000|100%| O|  |TAMS 0x0000000084700000| PB 0x0000000084700000| Untracked 
|  72|0x0000000084800000, 0x0000000084900000, 0x0000000084900000|100%| O|  |TAMS 0x0000000084800000| PB 0x0000000084800000| Untracked 
|  73|0x0000000084900000, 0x0000000084a00000, 0x0000000084a00000|100%| O|  |TAMS 0x0000000084900000| PB 0x0000000084900000| Untracked 
|  74|0x0000000084a00000, 0x0000000084b00000, 0x0000000084b00000|100%| O|  |TAMS 0x0000000084a00000| PB 0x0000000084a00000| Untracked 
|  75|0x0000000084b00000, 0x0000000084c00000, 0x0000000084c00000|100%| O|  |TAMS 0x0000000084b00000| PB 0x0000000084b00000| Untracked 
|  76|0x0000000084c00000, 0x0000000084d00000, 0x0000000084d00000|100%| O|  |TAMS 0x0000000084c00000| PB 0x0000000084c00000| Untracked 
|  77|0x0000000084d00000, 0x0000000084e00000, 0x0000000084e00000|100%| O|  |TAMS 0x0000000084d00000| PB 0x0000000084d00000| Untracked 
|  78|0x0000000084e00000, 0x0000000084f00000, 0x0000000084f00000|100%| O|  |TAMS 0x0000000084e00000| PB 0x0000000084e00000| Untracked 
|  79|0x0000000084f00000, 0x0000000085000000, 0x0000000085000000|100%| O|  |TAMS 0x0000000084f00000| PB 0x0000000084f00000| Untracked 
|  80|0x0000000085000000, 0x0000000085100000, 0x0000000085100000|100%| O|  |TAMS 0x0000000085000000| PB 0x0000000085000000| Untracked 
|  81|0x0000000085100000, 0x0000000085200000, 0x0000000085200000|100%| O|  |TAMS 0x0000000085100000| PB 0x0000000085100000| Untracked 
|  82|0x0000000085200000, 0x0000000085300000, 0x0000000085300000|100%| O|  |TAMS 0x0000000085200000| PB 0x0000000085200000| Untracked 
|  83|0x0000000085300000, 0x0000000085400000, 0x0000000085400000|100%| O|  |TAMS 0x0000000085300000| PB 0x0000000085300000| Untracked 
|  84|0x0000000085400000, 0x0000000085500000, 0x0000000085500000|100%| O|  |TAMS 0x0000000085400000| PB 0x0000000085400000| Untracked 
|  85|0x0000000085500000, 0x0000000085600000, 0x0000000085600000|100%| O|  |TAMS 0x0000000085500000| PB 0x0000000085500000| Untracked 
|  86|0x0000000085600000, 0x0000000085700000, 0x0000000085700000|100%| O|  |TAMS 0x0000000085600000| PB 0x0000000085600000| Untracked 
|  87|0x0000000085700000, 0x0000000085800000, 0x0000000085800000|100%| O|  |TAMS 0x0000000085700000| PB 0x0000000085700000| Untracked 
|  88|0x0000000085800000, 0x0000000085900000, 0x0000000085900000|100%| O|  |TAMS 0x0000000085800000| PB 0x0000000085800000| Untracked 
|  89|0x0000000085900000, 0x0000000085a00000, 0x0000000085a00000|100%| O|  |TAMS 0x0000000085900000| PB 0x0000000085900000| Untracked 
|  90|0x0000000085a00000, 0x0000000085b00000, 0x0000000085b00000|100%| O|  |TAMS 0x0000000085a00000| PB 0x0000000085a00000| Untracked 
|  91|0x0000000085b00000, 0x0000000085c00000, 0x0000000085c00000|100%| O|  |TAMS 0x0000000085b00000| PB 0x0000000085b00000| Untracked 
|  92|0x0000000085c00000, 0x0000000085d00000, 0x0000000085d00000|100%| O|  |TAMS 0x0000000085c00000| PB 0x0000000085c00000| Untracked 
|  93|0x0000000085d00000, 0x0000000085e00000, 0x0000000085e00000|100%| O|  |TAMS 0x0000000085d00000| PB 0x0000000085d00000| Untracked 
|  94|0x0000000085e00000, 0x0000000085f00000, 0x0000000085f00000|100%| O|  |TAMS 0x0000000085e00000| PB 0x0000000085e00000| Untracked 
|  95|0x0000000085f00000, 0x0000000086000000, 0x0000000086000000|100%| O|  |TAMS 0x0000000085f00000| PB 0x0000000085f00000| Untracked 
|  96|0x0000000086000000, 0x0000000086100000, 0x0000000086100000|100%| O|  |TAMS 0x0000000086000000| PB 0x0000000086000000| Untracked 
|  97|0x0000000086100000, 0x0000000086200000, 0x0000000086200000|100%| O|  |TAMS 0x0000000086100000| PB 0x0000000086100000| Untracked 
|  98|0x0000000086200000, 0x0000000086300000, 0x0000000086300000|100%| O|  |TAMS 0x0000000086200000| PB 0x0000000086200000| Untracked 
|  99|0x0000000086300000, 0x0000000086400000, 0x0000000086400000|100%| O|  |TAMS 0x0000000086300000| PB 0x0000000086300000| Untracked 
| 100|0x0000000086400000, 0x0000000086500000, 0x0000000086500000|100%| O|  |TAMS 0x0000000086400000| PB 0x0000000086400000| Untracked 
| 101|0x0000000086500000, 0x0000000086600000, 0x0000000086600000|100%| O|  |TAMS 0x0000000086500000| PB 0x0000000086500000| Untracked 
| 102|0x0000000086600000, 0x0000000086700000, 0x0000000086700000|100%| O|  |TAMS 0x0000000086600000| PB 0x0000000086600000| Untracked 
| 103|0x0000000086700000, 0x0000000086800000, 0x0000000086800000|100%| O|  |TAMS 0x0000000086700000| PB 0x0000000086700000| Untracked 
| 104|0x0000000086800000, 0x0000000086900000, 0x0000000086900000|100%| O|  |TAMS 0x0000000086800000| PB 0x0000000086800000| Untracked 
| 105|0x0000000086900000, 0x0000000086a00000, 0x0000000086a00000|100%| O|  |TAMS 0x0000000086900000| PB 0x0000000086900000| Untracked 
| 106|0x0000000086a00000, 0x0000000086b00000, 0x0000000086b00000|100%| O|  |TAMS 0x0000000086a00000| PB 0x0000000086a00000| Untracked 
| 107|0x0000000086b00000, 0x0000000086c00000, 0x0000000086c00000|100%| O|  |TAMS 0x0000000086b00000| PB 0x0000000086b00000| Untracked 
| 108|0x0000000086c00000, 0x0000000086d00000, 0x0000000086d00000|100%| O|  |TAMS 0x0000000086c00000| PB 0x0000000086c00000| Untracked 
| 109|0x0000000086d00000, 0x0000000086e00000, 0x0000000086e00000|100%| O|  |TAMS 0x0000000086d00000| PB 0x0000000086d00000| Untracked 
| 110|0x0000000086e00000, 0x0000000086f00000, 0x0000000086f00000|100%| O|  |TAMS 0x0000000086e00000| PB 0x0000000086e00000| Untracked 
| 111|0x0000000086f00000, 0x0000000087000000, 0x0000000087000000|100%| O|  |TAMS 0x0000000086f00000| PB 0x0000000086f00000| Untracked 
| 112|0x0000000087000000, 0x0000000087100000, 0x0000000087100000|100%| O|  |TAMS 0x0000000087000000| PB 0x0000000087000000| Untracked 
| 113|0x0000000087100000, 0x0000000087200000, 0x0000000087200000|100%| O|  |TAMS 0x0000000087100000| PB 0x0000000087100000| Untracked 
| 114|0x0000000087200000, 0x0000000087300000, 0x0000000087300000|100%| O|  |TAMS 0x0000000087200000| PB 0x0000000087200000| Untracked 
| 115|0x0000000087300000, 0x0000000087400000, 0x0000000087400000|100%| O|  |TAMS 0x0000000087300000| PB 0x0000000087300000| Untracked 
| 116|0x0000000087400000, 0x0000000087500000, 0x0000000087500000|100%| O|  |TAMS 0x0000000087400000| PB 0x0000000087400000| Untracked 
| 117|0x0000000087500000, 0x0000000087600000, 0x0000000087600000|100%| O|  |TAMS 0x0000000087500000| PB 0x0000000087500000| Untracked 
| 118|0x0000000087600000, 0x0000000087600000, 0x0000000087700000|  0%| F|  |TAMS 0x0000000087600000| PB 0x0000000087600000| Untracked 
| 119|0x0000000087700000, 0x0000000087800000, 0x0000000087800000|100%| O|  |TAMS 0x0000000087700000| PB 0x0000000087700000| Untracked 
| 120|0x0000000087800000, 0x0000000087900000, 0x0000000087900000|100%| O|  |TAMS 0x0000000087800000| PB 0x0000000087800000| Untracked 
| 121|0x0000000087900000, 0x0000000087a00000, 0x0000000087a00000|100%| O|  |TAMS 0x0000000087900000| PB 0x0000000087900000| Untracked 
| 122|0x0000000087a00000, 0x0000000087b00000, 0x0000000087b00000|100%| O|  |TAMS 0x0000000087a00000| PB 0x0000000087a00000| Untracked 
| 123|0x0000000087b00000, 0x0000000087c00000, 0x0000000087c00000|100%| O|  |TAMS 0x0000000087b00000| PB 0x0000000087b00000| Untracked 
| 124|0x0000000087c00000, 0x0000000087c00000, 0x0000000087d00000|  0%| F|  |TAMS 0x0000000087c00000| PB 0x0000000087c00000| Untracked 
| 125|0x0000000087d00000, 0x0000000087e00000, 0x0000000087e00000|100%| O|  |TAMS 0x0000000087d00000| PB 0x0000000087d00000| Untracked 
| 126|0x0000000087e00000, 0x0000000087f00000, 0x0000000087f00000|100%| O|  |TAMS 0x0000000087e00000| PB 0x0000000087e00000| Untracked 
| 127|0x0000000087f00000, 0x0000000087f00000, 0x0000000088000000|  0%| F|  |TAMS 0x0000000087f00000| PB 0x0000000087f00000| Untracked 
| 128|0x0000000088000000, 0x0000000088100000, 0x0000000088100000|100%| O|  |TAMS 0x0000000088000000| PB 0x0000000088000000| Untracked 
| 129|0x0000000088100000, 0x0000000088100000, 0x0000000088200000|  0%| F|  |TAMS 0x0000000088100000| PB 0x0000000088100000| Untracked 
| 130|0x0000000088200000, 0x0000000088300000, 0x0000000088300000|100%| O|  |TAMS 0x0000000088200000| PB 0x0000000088200000| Untracked 
| 131|0x0000000088300000, 0x0000000088300000, 0x0000000088400000|  0%| F|  |TAMS 0x0000000088300000| PB 0x0000000088300000| Untracked 
| 132|0x0000000088400000, 0x0000000088500000, 0x0000000088500000|100%| O|  |TAMS 0x0000000088400000| PB 0x0000000088400000| Untracked 
| 133|0x0000000088500000, 0x0000000088600000, 0x0000000088600000|100%| O|  |TAMS 0x0000000088500000| PB 0x0000000088500000| Untracked 
| 134|0x0000000088600000, 0x0000000088600000, 0x0000000088700000|  0%| F|  |TAMS 0x0000000088600000| PB 0x0000000088600000| Untracked 
| 135|0x0000000088700000, 0x0000000088800000, 0x0000000088800000|100%| O|  |TAMS 0x0000000088700000| PB 0x0000000088700000| Untracked 
| 136|0x0000000088800000, 0x0000000088900000, 0x0000000088900000|100%| O|  |TAMS 0x0000000088800000| PB 0x0000000088800000| Untracked 
| 137|0x0000000088900000, 0x0000000088a00000, 0x0000000088a00000|100%| O|  |TAMS 0x0000000088900000| PB 0x0000000088900000| Untracked 
| 138|0x0000000088a00000, 0x0000000088b00000, 0x0000000088b00000|100%| O|  |TAMS 0x0000000088a00000| PB 0x0000000088a00000| Untracked 
| 139|0x0000000088b00000, 0x0000000088c00000, 0x0000000088c00000|100%| O|  |TAMS 0x0000000088b00000| PB 0x0000000088b00000| Untracked 
| 140|0x0000000088c00000, 0x0000000088d00000, 0x0000000088d00000|100%| O|  |TAMS 0x0000000088c00000| PB 0x0000000088c00000| Untracked 
| 141|0x0000000088d00000, 0x0000000088e00000, 0x0000000088e00000|100%| O|  |TAMS 0x0000000088d00000| PB 0x0000000088d00000| Untracked 
| 142|0x0000000088e00000, 0x0000000088e00000, 0x0000000088f00000|  0%| F|  |TAMS 0x0000000088e00000| PB 0x0000000088e00000| Untracked 
| 143|0x0000000088f00000, 0x0000000089000000, 0x0000000089000000|100%| O|  |TAMS 0x0000000088f00000| PB 0x0000000088f00000| Untracked 
| 144|0x0000000089000000, 0x0000000089100000, 0x0000000089100000|100%| O|  |TAMS 0x0000000089000000| PB 0x0000000089000000| Untracked 
| 145|0x0000000089100000, 0x0000000089200000, 0x0000000089200000|100%| O|  |TAMS 0x0000000089100000| PB 0x0000000089100000| Untracked 
| 146|0x0000000089200000, 0x0000000089300000, 0x0000000089300000|100%| O|  |TAMS 0x0000000089200000| PB 0x0000000089200000| Untracked 
| 147|0x0000000089300000, 0x0000000089400000, 0x0000000089400000|100%| O|  |TAMS 0x0000000089300000| PB 0x0000000089300000| Untracked 
| 148|0x0000000089400000, 0x0000000089500000, 0x0000000089500000|100%| O|  |TAMS 0x0000000089400000| PB 0x0000000089400000| Untracked 
| 149|0x0000000089500000, 0x0000000089600000, 0x0000000089600000|100%| O|  |TAMS 0x0000000089500000| PB 0x0000000089500000| Untracked 
| 150|0x0000000089600000, 0x0000000089700000, 0x0000000089700000|100%| O|  |TAMS 0x0000000089600000| PB 0x0000000089600000| Untracked 
| 151|0x0000000089700000, 0x0000000089800000, 0x0000000089800000|100%| O|  |TAMS 0x0000000089700000| PB 0x0000000089700000| Untracked 
| 152|0x0000000089800000, 0x0000000089900000, 0x0000000089900000|100%| O|  |TAMS 0x0000000089800000| PB 0x0000000089800000| Untracked 
| 153|0x0000000089900000, 0x0000000089a00000, 0x0000000089a00000|100%| O|  |TAMS 0x0000000089900000| PB 0x0000000089900000| Untracked 
| 154|0x0000000089a00000, 0x0000000089b00000, 0x0000000089b00000|100%| O|  |TAMS 0x0000000089a00000| PB 0x0000000089a00000| Untracked 
| 155|0x0000000089b00000, 0x0000000089c00000, 0x0000000089c00000|100%| O|  |TAMS 0x0000000089b00000| PB 0x0000000089b00000| Untracked 
| 156|0x0000000089c00000, 0x0000000089d00000, 0x0000000089d00000|100%| O|  |TAMS 0x0000000089c00000| PB 0x0000000089c00000| Untracked 
| 157|0x0000000089d00000, 0x0000000089e00000, 0x0000000089e00000|100%| O|  |TAMS 0x0000000089d00000| PB 0x0000000089d00000| Untracked 
| 158|0x0000000089e00000, 0x0000000089f00000, 0x0000000089f00000|100%| O|  |TAMS 0x0000000089e00000| PB 0x0000000089e00000| Untracked 
| 159|0x0000000089f00000, 0x000000008a000000, 0x000000008a000000|100%| O|  |TAMS 0x0000000089f00000| PB 0x0000000089f00000| Untracked 
| 160|0x000000008a000000, 0x000000008a100000, 0x000000008a100000|100%| O|  |TAMS 0x000000008a000000| PB 0x000000008a000000| Untracked 
| 161|0x000000008a100000, 0x000000008a200000, 0x000000008a200000|100%| O|  |TAMS 0x000000008a100000| PB 0x000000008a100000| Untracked 
| 162|0x000000008a200000, 0x000000008a300000, 0x000000008a300000|100%| O|  |TAMS 0x000000008a200000| PB 0x000000008a200000| Untracked 
| 163|0x000000008a300000, 0x000000008a400000, 0x000000008a400000|100%|HS|  |TAMS 0x000000008a300000| PB 0x000000008a300000| Complete 
| 164|0x000000008a400000, 0x000000008a500000, 0x000000008a500000|100%| O|  |TAMS 0x000000008a400000| PB 0x000000008a400000| Untracked 
| 165|0x000000008a500000, 0x000000008a600000, 0x000000008a600000|100%| O|  |TAMS 0x000000008a500000| PB 0x000000008a500000| Untracked 
| 166|0x000000008a600000, 0x000000008a700000, 0x000000008a700000|100%| O|  |TAMS 0x000000008a600000| PB 0x000000008a600000| Untracked 
| 167|0x000000008a700000, 0x000000008a800000, 0x000000008a800000|100%| O|  |TAMS 0x000000008a700000| PB 0x000000008a700000| Untracked 
| 168|0x000000008a800000, 0x000000008a900000, 0x000000008a900000|100%| O|  |TAMS 0x000000008a800000| PB 0x000000008a800000| Untracked 
| 169|0x000000008a900000, 0x000000008aa00000, 0x000000008aa00000|100%| O|  |TAMS 0x000000008a900000| PB 0x000000008a900000| Untracked 
| 170|0x000000008aa00000, 0x000000008ab00000, 0x000000008ab00000|100%| O|  |TAMS 0x000000008aa00000| PB 0x000000008aa00000| Untracked 
| 171|0x000000008ab00000, 0x000000008ac00000, 0x000000008ac00000|100%| O|  |TAMS 0x000000008ab00000| PB 0x000000008ab00000| Untracked 
| 172|0x000000008ac00000, 0x000000008ad00000, 0x000000008ad00000|100%| O|  |TAMS 0x000000008ac00000| PB 0x000000008ac00000| Untracked 
| 173|0x000000008ad00000, 0x000000008ae00000, 0x000000008ae00000|100%| O|  |TAMS 0x000000008ad00000| PB 0x000000008ad00000| Untracked 
| 174|0x000000008ae00000, 0x000000008af00000, 0x000000008af00000|100%| O|  |TAMS 0x000000008ae00000| PB 0x000000008ae00000| Untracked 
| 175|0x000000008af00000, 0x000000008b000000, 0x000000008b000000|100%| O|  |TAMS 0x000000008af00000| PB 0x000000008af00000| Untracked 
| 176|0x000000008b000000, 0x000000008b000000, 0x000000008b100000|  0%| F|  |TAMS 0x000000008b000000| PB 0x000000008b000000| Untracked 
| 177|0x000000008b100000, 0x000000008b200000, 0x000000008b200000|100%| O|  |TAMS 0x000000008b100000| PB 0x000000008b100000| Untracked 
| 178|0x000000008b200000, 0x000000008b300000, 0x000000008b300000|100%| O|  |TAMS 0x000000008b200000| PB 0x000000008b200000| Untracked 
| 179|0x000000008b300000, 0x000000008b400000, 0x000000008b400000|100%| O|  |TAMS 0x000000008b300000| PB 0x000000008b300000| Untracked 
| 180|0x000000008b400000, 0x000000008b400000, 0x000000008b500000|  0%| F|  |TAMS 0x000000008b400000| PB 0x000000008b400000| Untracked 
| 181|0x000000008b500000, 0x000000008b600000, 0x000000008b600000|100%| O|  |TAMS 0x000000008b500000| PB 0x000000008b500000| Untracked 
| 182|0x000000008b600000, 0x000000008b700000, 0x000000008b700000|100%| O|  |TAMS 0x000000008b600000| PB 0x000000008b600000| Untracked 
| 183|0x000000008b700000, 0x000000008b800000, 0x000000008b800000|100%| O|  |TAMS 0x000000008b700000| PB 0x000000008b700000| Untracked 
| 184|0x000000008b800000, 0x000000008b900000, 0x000000008b900000|100%| O|  |TAMS 0x000000008b800000| PB 0x000000008b800000| Untracked 
| 185|0x000000008b900000, 0x000000008ba00000, 0x000000008ba00000|100%| O|  |TAMS 0x000000008b900000| PB 0x000000008b900000| Untracked 
| 186|0x000000008ba00000, 0x000000008bb00000, 0x000000008bb00000|100%| O|  |TAMS 0x000000008ba00000| PB 0x000000008ba00000| Untracked 
| 187|0x000000008bb00000, 0x000000008bc00000, 0x000000008bc00000|100%| O|  |TAMS 0x000000008bb00000| PB 0x000000008bb00000| Untracked 
| 188|0x000000008bc00000, 0x000000008bd00000, 0x000000008bd00000|100%| O|  |TAMS 0x000000008bc00000| PB 0x000000008bc00000| Untracked 
| 189|0x000000008bd00000, 0x000000008be00000, 0x000000008be00000|100%| O|  |TAMS 0x000000008bd00000| PB 0x000000008bd00000| Untracked 
| 190|0x000000008be00000, 0x000000008bf00000, 0x000000008bf00000|100%| O|  |TAMS 0x000000008be00000| PB 0x000000008be00000| Untracked 
| 191|0x000000008bf00000, 0x000000008c000000, 0x000000008c000000|100%| O|  |TAMS 0x000000008bf00000| PB 0x000000008bf00000| Untracked 
| 192|0x000000008c000000, 0x000000008c100000, 0x000000008c100000|100%| O|  |TAMS 0x000000008c000000| PB 0x000000008c000000| Untracked 
| 193|0x000000008c100000, 0x000000008c200000, 0x000000008c200000|100%| O|  |TAMS 0x000000008c100000| PB 0x000000008c100000| Untracked 
| 194|0x000000008c200000, 0x000000008c300000, 0x000000008c300000|100%| O|  |TAMS 0x000000008c200000| PB 0x000000008c200000| Untracked 
| 195|0x000000008c300000, 0x000000008c400000, 0x000000008c400000|100%| O|  |TAMS 0x000000008c300000| PB 0x000000008c300000| Untracked 
| 196|0x000000008c400000, 0x000000008c500000, 0x000000008c500000|100%| O|  |TAMS 0x000000008c400000| PB 0x000000008c400000| Untracked 
| 197|0x000000008c500000, 0x000000008c600000, 0x000000008c600000|100%| O|  |TAMS 0x000000008c500000| PB 0x000000008c500000| Untracked 
| 198|0x000000008c600000, 0x000000008c700000, 0x000000008c700000|100%| O|  |TAMS 0x000000008c600000| PB 0x000000008c600000| Untracked 
| 199|0x000000008c700000, 0x000000008c800000, 0x000000008c800000|100%| O|  |TAMS 0x000000008c700000| PB 0x000000008c700000| Untracked 
| 200|0x000000008c800000, 0x000000008c900000, 0x000000008c900000|100%| O|  |TAMS 0x000000008c800000| PB 0x000000008c800000| Untracked 
| 201|0x000000008c900000, 0x000000008ca00000, 0x000000008ca00000|100%| O|  |TAMS 0x000000008c900000| PB 0x000000008c900000| Untracked 
| 202|0x000000008ca00000, 0x000000008cb00000, 0x000000008cb00000|100%| O|  |TAMS 0x000000008ca00000| PB 0x000000008ca00000| Untracked 
| 203|0x000000008cb00000, 0x000000008cc00000, 0x000000008cc00000|100%| O|  |TAMS 0x000000008cb00000| PB 0x000000008cb00000| Untracked 
| 204|0x000000008cc00000, 0x000000008cd00000, 0x000000008cd00000|100%| O|  |TAMS 0x000000008cc00000| PB 0x000000008cc00000| Untracked 
| 205|0x000000008cd00000, 0x000000008ce00000, 0x000000008ce00000|100%| O|  |TAMS 0x000000008cd00000| PB 0x000000008cd00000| Untracked 
| 206|0x000000008ce00000, 0x000000008cf00000, 0x000000008cf00000|100%| O|  |TAMS 0x000000008ce00000| PB 0x000000008ce00000| Untracked 
| 207|0x000000008cf00000, 0x000000008d000000, 0x000000008d000000|100%| O|  |TAMS 0x000000008cf00000| PB 0x000000008cf00000| Untracked 
| 208|0x000000008d000000, 0x000000008d100000, 0x000000008d100000|100%| O|  |TAMS 0x000000008d000000| PB 0x000000008d000000| Untracked 
| 209|0x000000008d100000, 0x000000008d200000, 0x000000008d200000|100%| O|  |TAMS 0x000000008d100000| PB 0x000000008d100000| Untracked 
| 210|0x000000008d200000, 0x000000008d300000, 0x000000008d300000|100%| O|  |TAMS 0x000000008d200000| PB 0x000000008d200000| Untracked 
| 211|0x000000008d300000, 0x000000008d400000, 0x000000008d400000|100%| O|  |TAMS 0x000000008d300000| PB 0x000000008d300000| Untracked 
| 212|0x000000008d400000, 0x000000008d500000, 0x000000008d500000|100%| O|  |TAMS 0x000000008d400000| PB 0x000000008d400000| Untracked 
| 213|0x000000008d500000, 0x000000008d600000, 0x000000008d600000|100%| O|  |TAMS 0x000000008d500000| PB 0x000000008d500000| Untracked 
| 214|0x000000008d600000, 0x000000008d700000, 0x000000008d700000|100%| O|  |TAMS 0x000000008d600000| PB 0x000000008d600000| Untracked 
| 215|0x000000008d700000, 0x000000008d800000, 0x000000008d800000|100%| O|  |TAMS 0x000000008d700000| PB 0x000000008d700000| Untracked 
| 216|0x000000008d800000, 0x000000008d900000, 0x000000008d900000|100%| O|  |TAMS 0x000000008d800000| PB 0x000000008d800000| Untracked 
| 217|0x000000008d900000, 0x000000008da00000, 0x000000008da00000|100%| O|  |TAMS 0x000000008d900000| PB 0x000000008d900000| Untracked 
| 218|0x000000008da00000, 0x000000008dac4070, 0x000000008db00000| 76%| O|  |TAMS 0x000000008da00000| PB 0x000000008da00000| Untracked 
| 219|0x000000008db00000, 0x000000008db00000, 0x000000008dc00000|  0%| F|  |TAMS 0x000000008db00000| PB 0x000000008db00000| Untracked 
| 220|0x000000008dc00000, 0x000000008dc00000, 0x000000008dd00000|  0%| F|  |TAMS 0x000000008dc00000| PB 0x000000008dc00000| Untracked 
| 221|0x000000008dd00000, 0x000000008dd00000, 0x000000008de00000|  0%| F|  |TAMS 0x000000008dd00000| PB 0x000000008dd00000| Untracked 
| 222|0x000000008de00000, 0x000000008de00000, 0x000000008df00000|  0%| F|  |TAMS 0x000000008de00000| PB 0x000000008de00000| Untracked 
| 223|0x000000008df00000, 0x000000008df00000, 0x000000008e000000|  0%| F|  |TAMS 0x000000008df00000| PB 0x000000008df00000| Untracked 
| 224|0x000000008e000000, 0x000000008e000000, 0x000000008e100000|  0%| F|  |TAMS 0x000000008e000000| PB 0x000000008e000000| Untracked 
| 225|0x000000008e100000, 0x000000008e100000, 0x000000008e200000|  0%| F|  |TAMS 0x000000008e100000| PB 0x000000008e100000| Untracked 
| 226|0x000000008e200000, 0x000000008e200000, 0x000000008e300000|  0%| F|  |TAMS 0x000000008e200000| PB 0x000000008e200000| Untracked 
| 227|0x000000008e300000, 0x000000008e300000, 0x000000008e400000|  0%| F|  |TAMS 0x000000008e300000| PB 0x000000008e300000| Untracked 
| 228|0x000000008e400000, 0x000000008e400000, 0x000000008e500000|  0%| F|  |TAMS 0x000000008e400000| PB 0x000000008e400000| Untracked 
| 229|0x000000008e500000, 0x000000008e500000, 0x000000008e600000|  0%| F|  |TAMS 0x000000008e500000| PB 0x000000008e500000| Untracked 
| 230|0x000000008e600000, 0x000000008e600000, 0x000000008e700000|  0%| F|  |TAMS 0x000000008e600000| PB 0x000000008e600000| Untracked 
| 231|0x000000008e700000, 0x000000008e700000, 0x000000008e800000|  0%| F|  |TAMS 0x000000008e700000| PB 0x000000008e700000| Untracked 
| 232|0x000000008e800000, 0x000000008e800000, 0x000000008e900000|  0%| F|  |TAMS 0x000000008e800000| PB 0x000000008e800000| Untracked 
| 233|0x000000008e900000, 0x000000008e900000, 0x000000008ea00000|  0%| F|  |TAMS 0x000000008e900000| PB 0x000000008e900000| Untracked 
| 234|0x000000008ea00000, 0x000000008ea00000, 0x000000008eb00000|  0%| F|  |TAMS 0x000000008ea00000| PB 0x000000008ea00000| Untracked 
| 235|0x000000008eb00000, 0x000000008eb00000, 0x000000008ec00000|  0%| F|  |TAMS 0x000000008eb00000| PB 0x000000008eb00000| Untracked 
| 236|0x000000008ec00000, 0x000000008ec00000, 0x000000008ed00000|  0%| F|  |TAMS 0x000000008ec00000| PB 0x000000008ec00000| Untracked 
| 237|0x000000008ed00000, 0x000000008ed00000, 0x000000008ee00000|  0%| F|  |TAMS 0x000000008ed00000| PB 0x000000008ed00000| Untracked 
| 238|0x000000008ee00000, 0x000000008ee00000, 0x000000008ef00000|  0%| F|  |TAMS 0x000000008ee00000| PB 0x000000008ee00000| Untracked 
| 239|0x000000008ef00000, 0x000000008ef00000, 0x000000008f000000|  0%| F|  |TAMS 0x000000008ef00000| PB 0x000000008ef00000| Untracked 
| 240|0x000000008f000000, 0x000000008f000000, 0x000000008f100000|  0%| F|  |TAMS 0x000000008f000000| PB 0x000000008f000000| Untracked 
| 241|0x000000008f100000, 0x000000008f100000, 0x000000008f200000|  0%| F|  |TAMS 0x000000008f100000| PB 0x000000008f100000| Untracked 
| 242|0x000000008f200000, 0x000000008f200000, 0x000000008f300000|  0%| F|  |TAMS 0x000000008f200000| PB 0x000000008f200000| Untracked 
| 243|0x000000008f300000, 0x000000008f300000, 0x000000008f400000|  0%| F|  |TAMS 0x000000008f300000| PB 0x000000008f300000| Untracked 
| 244|0x000000008f400000, 0x000000008f400000, 0x000000008f500000|  0%| F|  |TAMS 0x000000008f400000| PB 0x000000008f400000| Untracked 
| 245|0x000000008f500000, 0x000000008f500000, 0x000000008f600000|  0%| F|  |TAMS 0x000000008f500000| PB 0x000000008f500000| Untracked 
| 246|0x000000008f600000, 0x000000008f6c9ed0, 0x000000008f700000| 78%| S|CS|TAMS 0x000000008f600000| PB 0x000000008f600000| Complete 
| 247|0x000000008f700000, 0x000000008f800000, 0x000000008f800000|100%| S|CS|TAMS 0x000000008f700000| PB 0x000000008f700000| Complete 
| 248|0x000000008f800000, 0x000000008f900000, 0x000000008f900000|100%| S|CS|TAMS 0x000000008f800000| PB 0x000000008f800000| Complete 
| 249|0x000000008f900000, 0x000000008fa00000, 0x000000008fa00000|100%| S|CS|TAMS 0x000000008f900000| PB 0x000000008f900000| Complete 
| 250|0x000000008fa00000, 0x000000008fa00000, 0x000000008fb00000|  0%| F|  |TAMS 0x000000008fa00000| PB 0x000000008fa00000| Untracked 
| 251|0x000000008fb00000, 0x000000008fb00000, 0x000000008fc00000|  0%| F|  |TAMS 0x000000008fb00000| PB 0x000000008fb00000| Untracked 
| 252|0x000000008fc00000, 0x000000008fc00000, 0x000000008fd00000|  0%| F|  |TAMS 0x000000008fc00000| PB 0x000000008fc00000| Untracked 
| 253|0x000000008fd00000, 0x000000008fd00000, 0x000000008fe00000|  0%| F|  |TAMS 0x000000008fd00000| PB 0x000000008fd00000| Untracked 
| 254|0x000000008fe00000, 0x000000008fe00000, 0x000000008ff00000|  0%| F|  |TAMS 0x000000008fe00000| PB 0x000000008fe00000| Untracked 
| 255|0x000000008ff00000, 0x000000008ff00000, 0x0000000090000000|  0%| F|  |TAMS 0x000000008ff00000| PB 0x000000008ff00000| Untracked 
| 256|0x0000000090000000, 0x0000000090000000, 0x0000000090100000|  0%| F|  |TAMS 0x0000000090000000| PB 0x0000000090000000| Untracked 
| 257|0x0000000090100000, 0x0000000090100000, 0x0000000090200000|  0%| F|  |TAMS 0x0000000090100000| PB 0x0000000090100000| Untracked 
| 258|0x0000000090200000, 0x0000000090200000, 0x0000000090300000|  0%| F|  |TAMS 0x0000000090200000| PB 0x0000000090200000| Untracked 
| 259|0x0000000090300000, 0x0000000090300000, 0x0000000090400000|  0%| F|  |TAMS 0x0000000090300000| PB 0x0000000090300000| Untracked 
| 260|0x0000000090400000, 0x0000000090400000, 0x0000000090500000|  0%| F|  |TAMS 0x0000000090400000| PB 0x0000000090400000| Untracked 
| 261|0x0000000090500000, 0x0000000090500000, 0x0000000090600000|  0%| F|  |TAMS 0x0000000090500000| PB 0x0000000090500000| Untracked 
| 262|0x0000000090600000, 0x0000000090600000, 0x0000000090700000|  0%| F|  |TAMS 0x0000000090600000| PB 0x0000000090600000| Untracked 
| 263|0x0000000090700000, 0x0000000090700000, 0x0000000090800000|  0%| F|  |TAMS 0x0000000090700000| PB 0x0000000090700000| Untracked 
| 264|0x0000000090800000, 0x0000000090800000, 0x0000000090900000|  0%| F|  |TAMS 0x0000000090800000| PB 0x0000000090800000| Untracked 
| 265|0x0000000090900000, 0x0000000090900000, 0x0000000090a00000|  0%| F|  |TAMS 0x0000000090900000| PB 0x0000000090900000| Untracked 
| 266|0x0000000090a00000, 0x0000000090a00000, 0x0000000090b00000|  0%| F|  |TAMS 0x0000000090a00000| PB 0x0000000090a00000| Untracked 
| 267|0x0000000090b00000, 0x0000000090b00000, 0x0000000090c00000|  0%| F|  |TAMS 0x0000000090b00000| PB 0x0000000090b00000| Untracked 
| 268|0x0000000090c00000, 0x0000000090c00000, 0x0000000090d00000|  0%| F|  |TAMS 0x0000000090c00000| PB 0x0000000090c00000| Untracked 
| 269|0x0000000090d00000, 0x0000000090d00000, 0x0000000090e00000|  0%| F|  |TAMS 0x0000000090d00000| PB 0x0000000090d00000| Untracked 
| 270|0x0000000090e00000, 0x0000000090e00000, 0x0000000090f00000|  0%| F|  |TAMS 0x0000000090e00000| PB 0x0000000090e00000| Untracked 
| 271|0x0000000090f00000, 0x0000000090f00000, 0x0000000091000000|  0%| F|  |TAMS 0x0000000090f00000| PB 0x0000000090f00000| Untracked 
| 272|0x0000000091000000, 0x0000000091000000, 0x0000000091100000|  0%| F|  |TAMS 0x0000000091000000| PB 0x0000000091000000| Untracked 
| 273|0x0000000091100000, 0x0000000091100000, 0x0000000091200000|  0%| F|  |TAMS 0x0000000091100000| PB 0x0000000091100000| Untracked 
| 274|0x0000000091200000, 0x0000000091200000, 0x0000000091300000|  0%| F|  |TAMS 0x0000000091200000| PB 0x0000000091200000| Untracked 
| 275|0x0000000091300000, 0x0000000091300000, 0x0000000091400000|  0%| F|  |TAMS 0x0000000091300000| PB 0x0000000091300000| Untracked 
| 276|0x0000000091400000, 0x0000000091400000, 0x0000000091500000|  0%| F|  |TAMS 0x0000000091400000| PB 0x0000000091400000| Untracked 
| 277|0x0000000091500000, 0x0000000091500000, 0x0000000091600000|  0%| F|  |TAMS 0x0000000091500000| PB 0x0000000091500000| Untracked 
| 278|0x0000000091600000, 0x0000000091600000, 0x0000000091700000|  0%| F|  |TAMS 0x0000000091600000| PB 0x0000000091600000| Untracked 
| 279|0x0000000091700000, 0x0000000091700000, 0x0000000091800000|  0%| F|  |TAMS 0x0000000091700000| PB 0x0000000091700000| Untracked 
| 280|0x0000000091800000, 0x0000000091800000, 0x0000000091900000|  0%| F|  |TAMS 0x0000000091800000| PB 0x0000000091800000| Untracked 
| 281|0x0000000091900000, 0x0000000091900000, 0x0000000091a00000|  0%| F|  |TAMS 0x0000000091900000| PB 0x0000000091900000| Untracked 
| 282|0x0000000091a00000, 0x0000000091a00000, 0x0000000091b00000|  0%| F|  |TAMS 0x0000000091a00000| PB 0x0000000091a00000| Untracked 
| 283|0x0000000091b00000, 0x0000000091b00000, 0x0000000091c00000|  0%| F|  |TAMS 0x0000000091b00000| PB 0x0000000091b00000| Untracked 
| 284|0x0000000091c00000, 0x0000000091c00000, 0x0000000091d00000|  0%| F|  |TAMS 0x0000000091c00000| PB 0x0000000091c00000| Untracked 
| 285|0x0000000091d00000, 0x0000000091d00000, 0x0000000091e00000|  0%| F|  |TAMS 0x0000000091d00000| PB 0x0000000091d00000| Untracked 
| 286|0x0000000091e00000, 0x0000000091e00000, 0x0000000091f00000|  0%| F|  |TAMS 0x0000000091e00000| PB 0x0000000091e00000| Untracked 
| 287|0x0000000091f00000, 0x0000000091f00000, 0x0000000092000000|  0%| F|  |TAMS 0x0000000091f00000| PB 0x0000000091f00000| Untracked 
| 288|0x0000000092000000, 0x0000000092000000, 0x0000000092100000|  0%| F|  |TAMS 0x0000000092000000| PB 0x0000000092000000| Untracked 
| 289|0x0000000092100000, 0x0000000092100000, 0x0000000092200000|  0%| F|  |TAMS 0x0000000092100000| PB 0x0000000092100000| Untracked 
| 290|0x0000000092200000, 0x0000000092200000, 0x0000000092300000|  0%| F|  |TAMS 0x0000000092200000| PB 0x0000000092200000| Untracked 
| 291|0x0000000092300000, 0x0000000092300000, 0x0000000092400000|  0%| F|  |TAMS 0x0000000092300000| PB 0x0000000092300000| Untracked 
| 292|0x0000000092400000, 0x0000000092400000, 0x0000000092500000|  0%| F|  |TAMS 0x0000000092400000| PB 0x0000000092400000| Untracked 
| 293|0x0000000092500000, 0x0000000092500000, 0x0000000092600000|  0%| F|  |TAMS 0x0000000092500000| PB 0x0000000092500000| Untracked 
| 294|0x0000000092600000, 0x0000000092600000, 0x0000000092700000|  0%| F|  |TAMS 0x0000000092600000| PB 0x0000000092600000| Untracked 
| 295|0x0000000092700000, 0x0000000092700000, 0x0000000092800000|  0%| F|  |TAMS 0x0000000092700000| PB 0x0000000092700000| Untracked 
| 296|0x0000000092800000, 0x0000000092800000, 0x0000000092900000|  0%| F|  |TAMS 0x0000000092800000| PB 0x0000000092800000| Untracked 
| 297|0x0000000092900000, 0x0000000092900000, 0x0000000092a00000|  0%| F|  |TAMS 0x0000000092900000| PB 0x0000000092900000| Untracked 
| 298|0x0000000092a00000, 0x0000000092a00000, 0x0000000092b00000|  0%| F|  |TAMS 0x0000000092a00000| PB 0x0000000092a00000| Untracked 
| 299|0x0000000092b00000, 0x0000000092b00000, 0x0000000092c00000|  0%| F|  |TAMS 0x0000000092b00000| PB 0x0000000092b00000| Untracked 
| 300|0x0000000092c00000, 0x0000000092c00000, 0x0000000092d00000|  0%| F|  |TAMS 0x0000000092c00000| PB 0x0000000092c00000| Untracked 
| 301|0x0000000092d00000, 0x0000000092d00000, 0x0000000092e00000|  0%| F|  |TAMS 0x0000000092d00000| PB 0x0000000092d00000| Untracked 
| 302|0x0000000092e00000, 0x0000000092e00000, 0x0000000092f00000|  0%| F|  |TAMS 0x0000000092e00000| PB 0x0000000092e00000| Untracked 
| 303|0x0000000092f00000, 0x0000000092f00000, 0x0000000093000000|  0%| F|  |TAMS 0x0000000092f00000| PB 0x0000000092f00000| Untracked 
| 304|0x0000000093000000, 0x0000000093000000, 0x0000000093100000|  0%| F|  |TAMS 0x0000000093000000| PB 0x0000000093000000| Untracked 
| 305|0x0000000093100000, 0x0000000093100000, 0x0000000093200000|  0%| F|  |TAMS 0x0000000093100000| PB 0x0000000093100000| Untracked 
| 306|0x0000000093200000, 0x0000000093200000, 0x0000000093300000|  0%| F|  |TAMS 0x0000000093200000| PB 0x0000000093200000| Untracked 
| 307|0x0000000093300000, 0x0000000093300000, 0x0000000093400000|  0%| F|  |TAMS 0x0000000093300000| PB 0x0000000093300000| Untracked 
| 308|0x0000000093400000, 0x0000000093400000, 0x0000000093500000|  0%| F|  |TAMS 0x0000000093400000| PB 0x0000000093400000| Untracked 
| 309|0x0000000093500000, 0x0000000093500000, 0x0000000093600000|  0%| F|  |TAMS 0x0000000093500000| PB 0x0000000093500000| Untracked 
| 310|0x0000000093600000, 0x0000000093600000, 0x0000000093700000|  0%| F|  |TAMS 0x0000000093600000| PB 0x0000000093600000| Untracked 
| 311|0x0000000093700000, 0x0000000093700000, 0x0000000093800000|  0%| F|  |TAMS 0x0000000093700000| PB 0x0000000093700000| Untracked 
| 312|0x0000000093800000, 0x0000000093800000, 0x0000000093900000|  0%| F|  |TAMS 0x0000000093800000| PB 0x0000000093800000| Untracked 
| 313|0x0000000093900000, 0x0000000093900000, 0x0000000093a00000|  0%| F|  |TAMS 0x0000000093900000| PB 0x0000000093900000| Untracked 
| 314|0x0000000093a00000, 0x0000000093a00000, 0x0000000093b00000|  0%| F|  |TAMS 0x0000000093a00000| PB 0x0000000093a00000| Untracked 
| 315|0x0000000093b00000, 0x0000000093b00000, 0x0000000093c00000|  0%| F|  |TAMS 0x0000000093b00000| PB 0x0000000093b00000| Untracked 
| 316|0x0000000093c00000, 0x0000000093c00000, 0x0000000093d00000|  0%| F|  |TAMS 0x0000000093c00000| PB 0x0000000093c00000| Untracked 
| 317|0x0000000093d00000, 0x0000000093d00000, 0x0000000093e00000|  0%| F|  |TAMS 0x0000000093d00000| PB 0x0000000093d00000| Untracked 
| 318|0x0000000093e00000, 0x0000000093e00000, 0x0000000093f00000|  0%| F|  |TAMS 0x0000000093e00000| PB 0x0000000093e00000| Untracked 
| 319|0x0000000093f00000, 0x0000000093f00000, 0x0000000094000000|  0%| F|  |TAMS 0x0000000093f00000| PB 0x0000000093f00000| Untracked 
| 320|0x0000000094000000, 0x0000000094000000, 0x0000000094100000|  0%| F|  |TAMS 0x0000000094000000| PB 0x0000000094000000| Untracked 
| 321|0x0000000094100000, 0x0000000094100000, 0x0000000094200000|  0%| F|  |TAMS 0x0000000094100000| PB 0x0000000094100000| Untracked 
| 322|0x0000000094200000, 0x0000000094200000, 0x0000000094300000|  0%| F|  |TAMS 0x0000000094200000| PB 0x0000000094200000| Untracked 
| 323|0x0000000094300000, 0x0000000094300000, 0x0000000094400000|  0%| F|  |TAMS 0x0000000094300000| PB 0x0000000094300000| Untracked 
| 324|0x0000000094400000, 0x0000000094400000, 0x0000000094500000|  0%| F|  |TAMS 0x0000000094400000| PB 0x0000000094400000| Untracked 
| 325|0x0000000094500000, 0x0000000094500000, 0x0000000094600000|  0%| F|  |TAMS 0x0000000094500000| PB 0x0000000094500000| Untracked 
| 326|0x0000000094600000, 0x0000000094600000, 0x0000000094700000|  0%| F|  |TAMS 0x0000000094600000| PB 0x0000000094600000| Untracked 
| 327|0x0000000094700000, 0x0000000094700000, 0x0000000094800000|  0%| F|  |TAMS 0x0000000094700000| PB 0x0000000094700000| Untracked 
| 328|0x0000000094800000, 0x0000000094800000, 0x0000000094900000|  0%| F|  |TAMS 0x0000000094800000| PB 0x0000000094800000| Untracked 
| 329|0x0000000094900000, 0x0000000094900000, 0x0000000094a00000|  0%| F|  |TAMS 0x0000000094900000| PB 0x0000000094900000| Untracked 
| 330|0x0000000094a00000, 0x0000000094a00000, 0x0000000094b00000|  0%| F|  |TAMS 0x0000000094a00000| PB 0x0000000094a00000| Untracked 
| 331|0x0000000094b00000, 0x0000000094b00000, 0x0000000094c00000|  0%| F|  |TAMS 0x0000000094b00000| PB 0x0000000094b00000| Untracked 
| 332|0x0000000094c00000, 0x0000000094c00000, 0x0000000094d00000|  0%| F|  |TAMS 0x0000000094c00000| PB 0x0000000094c00000| Untracked 
| 333|0x0000000094d00000, 0x0000000094d00000, 0x0000000094e00000|  0%| F|  |TAMS 0x0000000094d00000| PB 0x0000000094d00000| Untracked 
| 334|0x0000000094e00000, 0x0000000094e00000, 0x0000000094f00000|  0%| F|  |TAMS 0x0000000094e00000| PB 0x0000000094e00000| Untracked 
| 335|0x0000000094f00000, 0x0000000094f00000, 0x0000000095000000|  0%| F|  |TAMS 0x0000000094f00000| PB 0x0000000094f00000| Untracked 
| 336|0x0000000095000000, 0x0000000095000000, 0x0000000095100000|  0%| F|  |TAMS 0x0000000095000000| PB 0x0000000095000000| Untracked 
| 337|0x0000000095100000, 0x0000000095100000, 0x0000000095200000|  0%| F|  |TAMS 0x0000000095100000| PB 0x0000000095100000| Untracked 
| 338|0x0000000095200000, 0x0000000095200000, 0x0000000095300000|  0%| F|  |TAMS 0x0000000095200000| PB 0x0000000095200000| Untracked 
| 339|0x0000000095300000, 0x0000000095300000, 0x0000000095400000|  0%| F|  |TAMS 0x0000000095300000| PB 0x0000000095300000| Untracked 
| 340|0x0000000095400000, 0x0000000095400000, 0x0000000095500000|  0%| F|  |TAMS 0x0000000095400000| PB 0x0000000095400000| Untracked 
| 341|0x0000000095500000, 0x0000000095500000, 0x0000000095600000|  0%| F|  |TAMS 0x0000000095500000| PB 0x0000000095500000| Untracked 
| 342|0x0000000095600000, 0x0000000095600000, 0x0000000095700000|  0%| F|  |TAMS 0x0000000095600000| PB 0x0000000095600000| Untracked 
| 343|0x0000000095700000, 0x0000000095700000, 0x0000000095800000|  0%| F|  |TAMS 0x0000000095700000| PB 0x0000000095700000| Untracked 
| 344|0x0000000095800000, 0x0000000095800000, 0x0000000095900000|  0%| F|  |TAMS 0x0000000095800000| PB 0x0000000095800000| Untracked 
| 345|0x0000000095900000, 0x0000000095900000, 0x0000000095a00000|  0%| F|  |TAMS 0x0000000095900000| PB 0x0000000095900000| Untracked 
| 346|0x0000000095a00000, 0x0000000095a00000, 0x0000000095b00000|  0%| F|  |TAMS 0x0000000095a00000| PB 0x0000000095a00000| Untracked 
| 347|0x0000000095b00000, 0x0000000095b00000, 0x0000000095c00000|  0%| F|  |TAMS 0x0000000095b00000| PB 0x0000000095b00000| Untracked 
| 348|0x0000000095c00000, 0x0000000095c00000, 0x0000000095d00000|  0%| F|  |TAMS 0x0000000095c00000| PB 0x0000000095c00000| Untracked 
| 349|0x0000000095d00000, 0x0000000095d00000, 0x0000000095e00000|  0%| F|  |TAMS 0x0000000095d00000| PB 0x0000000095d00000| Untracked 
| 350|0x0000000095e00000, 0x0000000095e00000, 0x0000000095f00000|  0%| F|  |TAMS 0x0000000095e00000| PB 0x0000000095e00000| Untracked 
| 351|0x0000000095f00000, 0x0000000095f00000, 0x0000000096000000|  0%| F|  |TAMS 0x0000000095f00000| PB 0x0000000095f00000| Untracked 
| 352|0x0000000096000000, 0x0000000096000000, 0x0000000096100000|  0%| F|  |TAMS 0x0000000096000000| PB 0x0000000096000000| Untracked 
| 353|0x0000000096100000, 0x0000000096100000, 0x0000000096200000|  0%| F|  |TAMS 0x0000000096100000| PB 0x0000000096100000| Untracked 
| 354|0x0000000096200000, 0x0000000096200000, 0x0000000096300000|  0%| F|  |TAMS 0x0000000096200000| PB 0x0000000096200000| Untracked 
| 355|0x0000000096300000, 0x0000000096300000, 0x0000000096400000|  0%| F|  |TAMS 0x0000000096300000| PB 0x0000000096300000| Untracked 
| 356|0x0000000096400000, 0x0000000096400000, 0x0000000096500000|  0%| F|  |TAMS 0x0000000096400000| PB 0x0000000096400000| Untracked 
| 357|0x0000000096500000, 0x0000000096500000, 0x0000000096600000|  0%| F|  |TAMS 0x0000000096500000| PB 0x0000000096500000| Untracked 
| 358|0x0000000096600000, 0x0000000096600000, 0x0000000096700000|  0%| F|  |TAMS 0x0000000096600000| PB 0x0000000096600000| Untracked 
| 359|0x0000000096700000, 0x0000000096700000, 0x0000000096800000|  0%| F|  |TAMS 0x0000000096700000| PB 0x0000000096700000| Untracked 
| 360|0x0000000096800000, 0x0000000096800000, 0x0000000096900000|  0%| F|  |TAMS 0x0000000096800000| PB 0x0000000096800000| Untracked 
| 361|0x0000000096900000, 0x0000000096900000, 0x0000000096a00000|  0%| F|  |TAMS 0x0000000096900000| PB 0x0000000096900000| Untracked 
| 362|0x0000000096a00000, 0x0000000096a00000, 0x0000000096b00000|  0%| F|  |TAMS 0x0000000096a00000| PB 0x0000000096a00000| Untracked 
| 363|0x0000000096b00000, 0x0000000096b00000, 0x0000000096c00000|  0%| F|  |TAMS 0x0000000096b00000| PB 0x0000000096b00000| Untracked 
| 364|0x0000000096c00000, 0x0000000096c00000, 0x0000000096d00000|  0%| F|  |TAMS 0x0000000096c00000| PB 0x0000000096c00000| Untracked 
| 365|0x0000000096d00000, 0x0000000096d00000, 0x0000000096e00000|  0%| F|  |TAMS 0x0000000096d00000| PB 0x0000000096d00000| Untracked 
| 366|0x0000000096e00000, 0x0000000096e00000, 0x0000000096f00000|  0%| F|  |TAMS 0x0000000096e00000| PB 0x0000000096e00000| Untracked 
| 367|0x0000000096f00000, 0x0000000096f00000, 0x0000000097000000|  0%| F|  |TAMS 0x0000000096f00000| PB 0x0000000096f00000| Untracked 
| 368|0x0000000097000000, 0x0000000097000000, 0x0000000097100000|  0%| F|  |TAMS 0x0000000097000000| PB 0x0000000097000000| Untracked 
| 369|0x0000000097100000, 0x0000000097100000, 0x0000000097200000|  0%| F|  |TAMS 0x0000000097100000| PB 0x0000000097100000| Untracked 
| 370|0x0000000097200000, 0x0000000097200000, 0x0000000097300000|  0%| F|  |TAMS 0x0000000097200000| PB 0x0000000097200000| Untracked 
| 371|0x0000000097300000, 0x0000000097300000, 0x0000000097400000|  0%| F|  |TAMS 0x0000000097300000| PB 0x0000000097300000| Untracked 
| 372|0x0000000097400000, 0x0000000097400000, 0x0000000097500000|  0%| F|  |TAMS 0x0000000097400000| PB 0x0000000097400000| Untracked 
| 373|0x0000000097500000, 0x0000000097500000, 0x0000000097600000|  0%| F|  |TAMS 0x0000000097500000| PB 0x0000000097500000| Untracked 
| 374|0x0000000097600000, 0x0000000097600000, 0x0000000097700000|  0%| F|  |TAMS 0x0000000097600000| PB 0x0000000097600000| Untracked 
| 375|0x0000000097700000, 0x0000000097700000, 0x0000000097800000|  0%| F|  |TAMS 0x0000000097700000| PB 0x0000000097700000| Untracked 
| 376|0x0000000097800000, 0x0000000097800000, 0x0000000097900000|  0%| F|  |TAMS 0x0000000097800000| PB 0x0000000097800000| Untracked 
| 377|0x0000000097900000, 0x0000000097900000, 0x0000000097a00000|  0%| F|  |TAMS 0x0000000097900000| PB 0x0000000097900000| Untracked 
| 378|0x0000000097a00000, 0x0000000097a00000, 0x0000000097b00000|  0%| F|  |TAMS 0x0000000097a00000| PB 0x0000000097a00000| Untracked 
| 379|0x0000000097b00000, 0x0000000097b00000, 0x0000000097c00000|  0%| F|  |TAMS 0x0000000097b00000| PB 0x0000000097b00000| Untracked 
| 380|0x0000000097c00000, 0x0000000097c00000, 0x0000000097d00000|  0%| F|  |TAMS 0x0000000097c00000| PB 0x0000000097c00000| Untracked 
| 381|0x0000000097d00000, 0x0000000097d00000, 0x0000000097e00000|  0%| F|  |TAMS 0x0000000097d00000| PB 0x0000000097d00000| Untracked 
| 382|0x0000000097e00000, 0x0000000097e00000, 0x0000000097f00000|  0%| F|  |TAMS 0x0000000097e00000| PB 0x0000000097e00000| Untracked 
| 383|0x0000000097f00000, 0x0000000097f00000, 0x0000000098000000|  0%| F|  |TAMS 0x0000000097f00000| PB 0x0000000097f00000| Untracked 
| 384|0x0000000098000000, 0x0000000098000000, 0x0000000098100000|  0%| F|  |TAMS 0x0000000098000000| PB 0x0000000098000000| Untracked 
| 385|0x0000000098100000, 0x0000000098100000, 0x0000000098200000|  0%| F|  |TAMS 0x0000000098100000| PB 0x0000000098100000| Untracked 
| 386|0x0000000098200000, 0x0000000098200000, 0x0000000098300000|  0%| F|  |TAMS 0x0000000098200000| PB 0x0000000098200000| Untracked 
| 387|0x0000000098300000, 0x0000000098300000, 0x0000000098400000|  0%| F|  |TAMS 0x0000000098300000| PB 0x0000000098300000| Untracked 
| 388|0x0000000098400000, 0x0000000098400000, 0x0000000098500000|  0%| F|  |TAMS 0x0000000098400000| PB 0x0000000098400000| Untracked 
| 389|0x0000000098500000, 0x0000000098500000, 0x0000000098600000|  0%| F|  |TAMS 0x0000000098500000| PB 0x0000000098500000| Untracked 
| 390|0x0000000098600000, 0x0000000098600000, 0x0000000098700000|  0%| F|  |TAMS 0x0000000098600000| PB 0x0000000098600000| Untracked 
| 391|0x0000000098700000, 0x0000000098700000, 0x0000000098800000|  0%| F|  |TAMS 0x0000000098700000| PB 0x0000000098700000| Untracked 
| 392|0x0000000098800000, 0x0000000098800000, 0x0000000098900000|  0%| F|  |TAMS 0x0000000098800000| PB 0x0000000098800000| Untracked 
| 393|0x0000000098900000, 0x0000000098900000, 0x0000000098a00000|  0%| F|  |TAMS 0x0000000098900000| PB 0x0000000098900000| Untracked 
| 394|0x0000000098a00000, 0x0000000098a00000, 0x0000000098b00000|  0%| F|  |TAMS 0x0000000098a00000| PB 0x0000000098a00000| Untracked 
| 395|0x0000000098b00000, 0x0000000098b00000, 0x0000000098c00000|  0%| F|  |TAMS 0x0000000098b00000| PB 0x0000000098b00000| Untracked 
| 396|0x0000000098c00000, 0x0000000098c00000, 0x0000000098d00000|  0%| F|  |TAMS 0x0000000098c00000| PB 0x0000000098c00000| Untracked 
| 397|0x0000000098d00000, 0x0000000098d00000, 0x0000000098e00000|  0%| F|  |TAMS 0x0000000098d00000| PB 0x0000000098d00000| Untracked 
| 398|0x0000000098e00000, 0x0000000098e00000, 0x0000000098f00000|  0%| F|  |TAMS 0x0000000098e00000| PB 0x0000000098e00000| Untracked 
| 399|0x0000000098f00000, 0x0000000098f00000, 0x0000000099000000|  0%| F|  |TAMS 0x0000000098f00000| PB 0x0000000098f00000| Untracked 
| 400|0x0000000099000000, 0x0000000099000000, 0x0000000099100000|  0%| F|  |TAMS 0x0000000099000000| PB 0x0000000099000000| Untracked 
| 401|0x0000000099100000, 0x0000000099100000, 0x0000000099200000|  0%| F|  |TAMS 0x0000000099100000| PB 0x0000000099100000| Untracked 
| 402|0x0000000099200000, 0x0000000099200000, 0x0000000099300000|  0%| F|  |TAMS 0x0000000099200000| PB 0x0000000099200000| Untracked 
| 403|0x0000000099300000, 0x0000000099300000, 0x0000000099400000|  0%| F|  |TAMS 0x0000000099300000| PB 0x0000000099300000| Untracked 
| 404|0x0000000099400000, 0x0000000099400000, 0x0000000099500000|  0%| F|  |TAMS 0x0000000099400000| PB 0x0000000099400000| Untracked 
| 405|0x0000000099500000, 0x0000000099500000, 0x0000000099600000|  0%| F|  |TAMS 0x0000000099500000| PB 0x0000000099500000| Untracked 
| 406|0x0000000099600000, 0x0000000099600000, 0x0000000099700000|  0%| F|  |TAMS 0x0000000099600000| PB 0x0000000099600000| Untracked 
| 407|0x0000000099700000, 0x0000000099700000, 0x0000000099800000|  0%| F|  |TAMS 0x0000000099700000| PB 0x0000000099700000| Untracked 
| 408|0x0000000099800000, 0x0000000099800000, 0x0000000099900000|  0%| F|  |TAMS 0x0000000099800000| PB 0x0000000099800000| Untracked 
| 409|0x0000000099900000, 0x0000000099900000, 0x0000000099a00000|  0%| F|  |TAMS 0x0000000099900000| PB 0x0000000099900000| Untracked 
| 410|0x0000000099a00000, 0x0000000099a00000, 0x0000000099b00000|  0%| F|  |TAMS 0x0000000099a00000| PB 0x0000000099a00000| Untracked 
| 411|0x0000000099b00000, 0x0000000099b00000, 0x0000000099c00000|  0%| F|  |TAMS 0x0000000099b00000| PB 0x0000000099b00000| Untracked 
| 412|0x0000000099c00000, 0x0000000099c00000, 0x0000000099d00000|  0%| F|  |TAMS 0x0000000099c00000| PB 0x0000000099c00000| Untracked 
| 413|0x0000000099d00000, 0x0000000099d00000, 0x0000000099e00000|  0%| F|  |TAMS 0x0000000099d00000| PB 0x0000000099d00000| Untracked 
| 414|0x0000000099e00000, 0x0000000099e00000, 0x0000000099f00000|  0%| F|  |TAMS 0x0000000099e00000| PB 0x0000000099e00000| Untracked 
| 415|0x0000000099f00000, 0x0000000099f00000, 0x000000009a000000|  0%| F|  |TAMS 0x0000000099f00000| PB 0x0000000099f00000| Untracked 
| 416|0x000000009a000000, 0x000000009a000000, 0x000000009a100000|  0%| F|  |TAMS 0x000000009a000000| PB 0x000000009a000000| Untracked 
| 417|0x000000009a100000, 0x000000009a100000, 0x000000009a200000|  0%| F|  |TAMS 0x000000009a100000| PB 0x000000009a100000| Untracked 
| 418|0x000000009a200000, 0x000000009a200000, 0x000000009a300000|  0%| F|  |TAMS 0x000000009a200000| PB 0x000000009a200000| Untracked 
| 419|0x000000009a300000, 0x000000009a300000, 0x000000009a400000|  0%| F|  |TAMS 0x000000009a300000| PB 0x000000009a300000| Untracked 
| 420|0x000000009a400000, 0x000000009a400000, 0x000000009a500000|  0%| F|  |TAMS 0x000000009a400000| PB 0x000000009a400000| Untracked 
| 421|0x000000009a500000, 0x000000009a500000, 0x000000009a600000|  0%| F|  |TAMS 0x000000009a500000| PB 0x000000009a500000| Untracked 
| 422|0x000000009a600000, 0x000000009a600000, 0x000000009a700000|  0%| F|  |TAMS 0x000000009a600000| PB 0x000000009a600000| Untracked 
| 423|0x000000009a700000, 0x000000009a700000, 0x000000009a800000|  0%| F|  |TAMS 0x000000009a700000| PB 0x000000009a700000| Untracked 
| 424|0x000000009a800000, 0x000000009a800000, 0x000000009a900000|  0%| F|  |TAMS 0x000000009a800000| PB 0x000000009a800000| Untracked 
| 425|0x000000009a900000, 0x000000009a900000, 0x000000009aa00000|  0%| F|  |TAMS 0x000000009a900000| PB 0x000000009a900000| Untracked 
| 426|0x000000009aa00000, 0x000000009aa00000, 0x000000009ab00000|  0%| F|  |TAMS 0x000000009aa00000| PB 0x000000009aa00000| Untracked 
| 427|0x000000009ab00000, 0x000000009ab00000, 0x000000009ac00000|  0%| F|  |TAMS 0x000000009ab00000| PB 0x000000009ab00000| Untracked 
| 428|0x000000009ac00000, 0x000000009ac00000, 0x000000009ad00000|  0%| F|  |TAMS 0x000000009ac00000| PB 0x000000009ac00000| Untracked 
| 429|0x000000009ad00000, 0x000000009ad00000, 0x000000009ae00000|  0%| F|  |TAMS 0x000000009ad00000| PB 0x000000009ad00000| Untracked 
| 430|0x000000009ae00000, 0x000000009ae00000, 0x000000009af00000|  0%| F|  |TAMS 0x000000009ae00000| PB 0x000000009ae00000| Untracked 
| 431|0x000000009af00000, 0x000000009af00000, 0x000000009b000000|  0%| F|  |TAMS 0x000000009af00000| PB 0x000000009af00000| Untracked 
| 432|0x000000009b000000, 0x000000009b000000, 0x000000009b100000|  0%| F|  |TAMS 0x000000009b000000| PB 0x000000009b000000| Untracked 
| 433|0x000000009b100000, 0x000000009b100000, 0x000000009b200000|  0%| F|  |TAMS 0x000000009b100000| PB 0x000000009b100000| Untracked 
| 434|0x000000009b200000, 0x000000009b200000, 0x000000009b300000|  0%| F|  |TAMS 0x000000009b200000| PB 0x000000009b200000| Untracked 
| 435|0x000000009b300000, 0x000000009b300000, 0x000000009b400000|  0%| F|  |TAMS 0x000000009b300000| PB 0x000000009b300000| Untracked 
| 436|0x000000009b400000, 0x000000009b400000, 0x000000009b500000|  0%| F|  |TAMS 0x000000009b400000| PB 0x000000009b400000| Untracked 
| 437|0x000000009b500000, 0x000000009b500000, 0x000000009b600000|  0%| F|  |TAMS 0x000000009b500000| PB 0x000000009b500000| Untracked 
| 438|0x000000009b600000, 0x000000009b600000, 0x000000009b700000|  0%| F|  |TAMS 0x000000009b600000| PB 0x000000009b600000| Untracked 
| 439|0x000000009b700000, 0x000000009b700000, 0x000000009b800000|  0%| F|  |TAMS 0x000000009b700000| PB 0x000000009b700000| Untracked 
| 440|0x000000009b800000, 0x000000009b800000, 0x000000009b900000|  0%| F|  |TAMS 0x000000009b800000| PB 0x000000009b800000| Untracked 
| 441|0x000000009b900000, 0x000000009b900000, 0x000000009ba00000|  0%| F|  |TAMS 0x000000009b900000| PB 0x000000009b900000| Untracked 
| 442|0x000000009ba00000, 0x000000009ba00000, 0x000000009bb00000|  0%| F|  |TAMS 0x000000009ba00000| PB 0x000000009ba00000| Untracked 
| 443|0x000000009bb00000, 0x000000009bb00000, 0x000000009bc00000|  0%| F|  |TAMS 0x000000009bb00000| PB 0x000000009bb00000| Untracked 
| 444|0x000000009bc00000, 0x000000009bc00000, 0x000000009bd00000|  0%| F|  |TAMS 0x000000009bc00000| PB 0x000000009bc00000| Untracked 
| 445|0x000000009bd00000, 0x000000009bd00000, 0x000000009be00000|  0%| F|  |TAMS 0x000000009bd00000| PB 0x000000009bd00000| Untracked 
| 446|0x000000009be00000, 0x000000009be00000, 0x000000009bf00000|  0%| F|  |TAMS 0x000000009be00000| PB 0x000000009be00000| Untracked 
| 447|0x000000009bf00000, 0x000000009bf00000, 0x000000009c000000|  0%| F|  |TAMS 0x000000009bf00000| PB 0x000000009bf00000| Untracked 
| 448|0x000000009c000000, 0x000000009c000000, 0x000000009c100000|  0%| F|  |TAMS 0x000000009c000000| PB 0x000000009c000000| Untracked 
| 449|0x000000009c100000, 0x000000009c100000, 0x000000009c200000|  0%| F|  |TAMS 0x000000009c100000| PB 0x000000009c100000| Untracked 
| 450|0x000000009c200000, 0x000000009c200000, 0x000000009c300000|  0%| F|  |TAMS 0x000000009c200000| PB 0x000000009c200000| Untracked 
| 451|0x000000009c300000, 0x000000009c300000, 0x000000009c400000|  0%| F|  |TAMS 0x000000009c300000| PB 0x000000009c300000| Untracked 
| 452|0x000000009c400000, 0x000000009c400000, 0x000000009c500000|  0%| F|  |TAMS 0x000000009c400000| PB 0x000000009c400000| Untracked 
| 453|0x000000009c500000, 0x000000009c500000, 0x000000009c600000|  0%| F|  |TAMS 0x000000009c500000| PB 0x000000009c500000| Untracked 
| 454|0x000000009c600000, 0x000000009c600000, 0x000000009c700000|  0%| F|  |TAMS 0x000000009c600000| PB 0x000000009c600000| Untracked 
| 455|0x000000009c700000, 0x000000009c700000, 0x000000009c800000|  0%| F|  |TAMS 0x000000009c700000| PB 0x000000009c700000| Untracked 
| 456|0x000000009c800000, 0x000000009c800000, 0x000000009c900000|  0%| F|  |TAMS 0x000000009c800000| PB 0x000000009c800000| Untracked 
| 457|0x000000009c900000, 0x000000009c900000, 0x000000009ca00000|  0%| F|  |TAMS 0x000000009c900000| PB 0x000000009c900000| Untracked 
| 458|0x000000009ca00000, 0x000000009ca00000, 0x000000009cb00000|  0%| F|  |TAMS 0x000000009ca00000| PB 0x000000009ca00000| Untracked 
| 459|0x000000009cb00000, 0x000000009cb00000, 0x000000009cc00000|  0%| F|  |TAMS 0x000000009cb00000| PB 0x000000009cb00000| Untracked 
| 460|0x000000009cc00000, 0x000000009cc00000, 0x000000009cd00000|  0%| F|  |TAMS 0x000000009cc00000| PB 0x000000009cc00000| Untracked 
| 461|0x000000009cd00000, 0x000000009cd00000, 0x000000009ce00000|  0%| F|  |TAMS 0x000000009cd00000| PB 0x000000009cd00000| Untracked 
| 462|0x000000009ce00000, 0x000000009ce00000, 0x000000009cf00000|  0%| F|  |TAMS 0x000000009ce00000| PB 0x000000009ce00000| Untracked 
| 463|0x000000009cf00000, 0x000000009cf00000, 0x000000009d000000|  0%| F|  |TAMS 0x000000009cf00000| PB 0x000000009cf00000| Untracked 
| 464|0x000000009d000000, 0x000000009d000000, 0x000000009d100000|  0%| F|  |TAMS 0x000000009d000000| PB 0x000000009d000000| Untracked 
| 465|0x000000009d100000, 0x000000009d100000, 0x000000009d200000|  0%| F|  |TAMS 0x000000009d100000| PB 0x000000009d100000| Untracked 
| 466|0x000000009d200000, 0x000000009d200000, 0x000000009d300000|  0%| F|  |TAMS 0x000000009d200000| PB 0x000000009d200000| Untracked 
| 467|0x000000009d300000, 0x000000009d300000, 0x000000009d400000|  0%| F|  |TAMS 0x000000009d300000| PB 0x000000009d300000| Untracked 
| 468|0x000000009d400000, 0x000000009d400000, 0x000000009d500000|  0%| F|  |TAMS 0x000000009d400000| PB 0x000000009d400000| Untracked 
| 469|0x000000009d500000, 0x000000009d500000, 0x000000009d600000|  0%| F|  |TAMS 0x000000009d500000| PB 0x000000009d500000| Untracked 
| 470|0x000000009d600000, 0x000000009d600000, 0x000000009d700000|  0%| F|  |TAMS 0x000000009d600000| PB 0x000000009d600000| Untracked 
| 471|0x000000009d700000, 0x000000009d700000, 0x000000009d800000|  0%| F|  |TAMS 0x000000009d700000| PB 0x000000009d700000| Untracked 
| 472|0x000000009d800000, 0x000000009d800000, 0x000000009d900000|  0%| F|  |TAMS 0x000000009d800000| PB 0x000000009d800000| Untracked 
| 473|0x000000009d900000, 0x000000009d900000, 0x000000009da00000|  0%| F|  |TAMS 0x000000009d900000| PB 0x000000009d900000| Untracked 
| 474|0x000000009da00000, 0x000000009da00000, 0x000000009db00000|  0%| F|  |TAMS 0x000000009da00000| PB 0x000000009da00000| Untracked 
| 475|0x000000009db00000, 0x000000009db00000, 0x000000009dc00000|  0%| F|  |TAMS 0x000000009db00000| PB 0x000000009db00000| Untracked 
| 476|0x000000009dc00000, 0x000000009dc00000, 0x000000009dd00000|  0%| F|  |TAMS 0x000000009dc00000| PB 0x000000009dc00000| Untracked 
| 477|0x000000009dd00000, 0x000000009dd00000, 0x000000009de00000|  0%| F|  |TAMS 0x000000009dd00000| PB 0x000000009dd00000| Untracked 
| 478|0x000000009de00000, 0x000000009de00000, 0x000000009df00000|  0%| F|  |TAMS 0x000000009de00000| PB 0x000000009de00000| Untracked 
| 479|0x000000009df00000, 0x000000009df00000, 0x000000009e000000|  0%| F|  |TAMS 0x000000009df00000| PB 0x000000009df00000| Untracked 
| 480|0x000000009e000000, 0x000000009e000000, 0x000000009e100000|  0%| F|  |TAMS 0x000000009e000000| PB 0x000000009e000000| Untracked 
| 481|0x000000009e100000, 0x000000009e100000, 0x000000009e200000|  0%| F|  |TAMS 0x000000009e100000| PB 0x000000009e100000| Untracked 
| 482|0x000000009e200000, 0x000000009e200000, 0x000000009e300000|  0%| F|  |TAMS 0x000000009e200000| PB 0x000000009e200000| Untracked 
| 483|0x000000009e300000, 0x000000009e300000, 0x000000009e400000|  0%| F|  |TAMS 0x000000009e300000| PB 0x000000009e300000| Untracked 
| 484|0x000000009e400000, 0x000000009e400000, 0x000000009e500000|  0%| F|  |TAMS 0x000000009e400000| PB 0x000000009e400000| Untracked 
| 485|0x000000009e500000, 0x000000009e500000, 0x000000009e600000|  0%| F|  |TAMS 0x000000009e500000| PB 0x000000009e500000| Untracked 
| 486|0x000000009e600000, 0x000000009e600000, 0x000000009e700000|  0%| F|  |TAMS 0x000000009e600000| PB 0x000000009e600000| Untracked 
| 487|0x000000009e700000, 0x000000009e700000, 0x000000009e800000|  0%| F|  |TAMS 0x000000009e700000| PB 0x000000009e700000| Untracked 
| 488|0x000000009e800000, 0x000000009e800000, 0x000000009e900000|  0%| F|  |TAMS 0x000000009e800000| PB 0x000000009e800000| Untracked 
| 489|0x000000009e900000, 0x000000009e900000, 0x000000009ea00000|  0%| F|  |TAMS 0x000000009e900000| PB 0x000000009e900000| Untracked 
| 490|0x000000009ea00000, 0x000000009ea00000, 0x000000009eb00000|  0%| F|  |TAMS 0x000000009ea00000| PB 0x000000009ea00000| Untracked 
| 491|0x000000009eb00000, 0x000000009eb00000, 0x000000009ec00000|  0%| F|  |TAMS 0x000000009eb00000| PB 0x000000009eb00000| Untracked 
| 492|0x000000009ec00000, 0x000000009ec00000, 0x000000009ed00000|  0%| F|  |TAMS 0x000000009ec00000| PB 0x000000009ec00000| Untracked 
| 493|0x000000009ed00000, 0x000000009ed00000, 0x000000009ee00000|  0%| F|  |TAMS 0x000000009ed00000| PB 0x000000009ed00000| Untracked 
| 494|0x000000009ee00000, 0x000000009ee00000, 0x000000009ef00000|  0%| F|  |TAMS 0x000000009ee00000| PB 0x000000009ee00000| Untracked 
| 495|0x000000009ef00000, 0x000000009ef00000, 0x000000009f000000|  0%| F|  |TAMS 0x000000009ef00000| PB 0x000000009ef00000| Untracked 
| 496|0x000000009f000000, 0x000000009f000000, 0x000000009f100000|  0%| F|  |TAMS 0x000000009f000000| PB 0x000000009f000000| Untracked 
| 497|0x000000009f100000, 0x000000009f100000, 0x000000009f200000|  0%| F|  |TAMS 0x000000009f100000| PB 0x000000009f100000| Untracked 
| 498|0x000000009f200000, 0x000000009f200000, 0x000000009f300000|  0%| F|  |TAMS 0x000000009f200000| PB 0x000000009f200000| Untracked 
| 499|0x000000009f300000, 0x000000009f300000, 0x000000009f400000|  0%| F|  |TAMS 0x000000009f300000| PB 0x000000009f300000| Untracked 
| 500|0x000000009f400000, 0x000000009f400000, 0x000000009f500000|  0%| F|  |TAMS 0x000000009f400000| PB 0x000000009f400000| Untracked 
| 501|0x000000009f500000, 0x000000009f500000, 0x000000009f600000|  0%| F|  |TAMS 0x000000009f500000| PB 0x000000009f500000| Untracked 
| 502|0x000000009f600000, 0x000000009f600000, 0x000000009f700000|  0%| F|  |TAMS 0x000000009f600000| PB 0x000000009f600000| Untracked 
| 503|0x000000009f700000, 0x000000009f700000, 0x000000009f800000|  0%| F|  |TAMS 0x000000009f700000| PB 0x000000009f700000| Untracked 
| 504|0x000000009f800000, 0x000000009f800000, 0x000000009f900000|  0%| F|  |TAMS 0x000000009f800000| PB 0x000000009f800000| Untracked 
| 505|0x000000009f900000, 0x000000009f900000, 0x000000009fa00000|  0%| F|  |TAMS 0x000000009f900000| PB 0x000000009f900000| Untracked 
| 506|0x000000009fa00000, 0x000000009fa00000, 0x000000009fb00000|  0%| F|  |TAMS 0x000000009fa00000| PB 0x000000009fa00000| Untracked 
| 507|0x000000009fb00000, 0x000000009fb00000, 0x000000009fc00000|  0%| F|  |TAMS 0x000000009fb00000| PB 0x000000009fb00000| Untracked 
| 508|0x000000009fc00000, 0x000000009fc00000, 0x000000009fd00000|  0%| F|  |TAMS 0x000000009fc00000| PB 0x000000009fc00000| Untracked 
| 509|0x000000009fd00000, 0x000000009fd00000, 0x000000009fe00000|  0%| F|  |TAMS 0x000000009fd00000| PB 0x000000009fd00000| Untracked 
| 510|0x000000009fe00000, 0x000000009fe00000, 0x000000009ff00000|  0%| F|  |TAMS 0x000000009fe00000| PB 0x000000009fe00000| Untracked 
| 511|0x000000009ff00000, 0x000000009ff00000, 0x00000000a0000000|  0%| F|  |TAMS 0x000000009ff00000| PB 0x000000009ff00000| Untracked 
| 512|0x00000000a0000000, 0x00000000a0000000, 0x00000000a0100000|  0%| F|  |TAMS 0x00000000a0000000| PB 0x00000000a0000000| Untracked 
| 513|0x00000000a0100000, 0x00000000a0100000, 0x00000000a0200000|  0%| F|  |TAMS 0x00000000a0100000| PB 0x00000000a0100000| Untracked 
| 514|0x00000000a0200000, 0x00000000a0200000, 0x00000000a0300000|  0%| F|  |TAMS 0x00000000a0200000| PB 0x00000000a0200000| Untracked 
| 515|0x00000000a0300000, 0x00000000a0300000, 0x00000000a0400000|  0%| F|  |TAMS 0x00000000a0300000| PB 0x00000000a0300000| Untracked 
| 516|0x00000000a0400000, 0x00000000a0400000, 0x00000000a0500000|  0%| F|  |TAMS 0x00000000a0400000| PB 0x00000000a0400000| Untracked 
| 517|0x00000000a0500000, 0x00000000a0500000, 0x00000000a0600000|  0%| F|  |TAMS 0x00000000a0500000| PB 0x00000000a0500000| Untracked 
| 518|0x00000000a0600000, 0x00000000a0600000, 0x00000000a0700000|  0%| F|  |TAMS 0x00000000a0600000| PB 0x00000000a0600000| Untracked 
| 519|0x00000000a0700000, 0x00000000a0700000, 0x00000000a0800000|  0%| F|  |TAMS 0x00000000a0700000| PB 0x00000000a0700000| Untracked 
| 520|0x00000000a0800000, 0x00000000a0800000, 0x00000000a0900000|  0%| F|  |TAMS 0x00000000a0800000| PB 0x00000000a0800000| Untracked 
| 521|0x00000000a0900000, 0x00000000a0900000, 0x00000000a0a00000|  0%| F|  |TAMS 0x00000000a0900000| PB 0x00000000a0900000| Untracked 
| 522|0x00000000a0a00000, 0x00000000a0a00000, 0x00000000a0b00000|  0%| F|  |TAMS 0x00000000a0a00000| PB 0x00000000a0a00000| Untracked 
| 523|0x00000000a0b00000, 0x00000000a0b00000, 0x00000000a0c00000|  0%| F|  |TAMS 0x00000000a0b00000| PB 0x00000000a0b00000| Untracked 
| 524|0x00000000a0c00000, 0x00000000a0c00000, 0x00000000a0d00000|  0%| F|  |TAMS 0x00000000a0c00000| PB 0x00000000a0c00000| Untracked 
| 525|0x00000000a0d00000, 0x00000000a0d00000, 0x00000000a0e00000|  0%| F|  |TAMS 0x00000000a0d00000| PB 0x00000000a0d00000| Untracked 
| 526|0x00000000a0e00000, 0x00000000a0e00000, 0x00000000a0f00000|  0%| F|  |TAMS 0x00000000a0e00000| PB 0x00000000a0e00000| Untracked 
| 527|0x00000000a0f00000, 0x00000000a0f00000, 0x00000000a1000000|  0%| F|  |TAMS 0x00000000a0f00000| PB 0x00000000a0f00000| Untracked 
| 528|0x00000000a1000000, 0x00000000a1000000, 0x00000000a1100000|  0%| F|  |TAMS 0x00000000a1000000| PB 0x00000000a1000000| Untracked 
| 529|0x00000000a1100000, 0x00000000a1100000, 0x00000000a1200000|  0%| F|  |TAMS 0x00000000a1100000| PB 0x00000000a1100000| Untracked 
| 530|0x00000000a1200000, 0x00000000a1200000, 0x00000000a1300000|  0%| F|  |TAMS 0x00000000a1200000| PB 0x00000000a1200000| Untracked 
| 531|0x00000000a1300000, 0x00000000a1300000, 0x00000000a1400000|  0%| F|  |TAMS 0x00000000a1300000| PB 0x00000000a1300000| Untracked 
| 532|0x00000000a1400000, 0x00000000a1400000, 0x00000000a1500000|  0%| F|  |TAMS 0x00000000a1400000| PB 0x00000000a1400000| Untracked 
| 533|0x00000000a1500000, 0x00000000a1500000, 0x00000000a1600000|  0%| F|  |TAMS 0x00000000a1500000| PB 0x00000000a1500000| Untracked 
| 534|0x00000000a1600000, 0x00000000a1600000, 0x00000000a1700000|  0%| F|  |TAMS 0x00000000a1600000| PB 0x00000000a1600000| Untracked 
| 535|0x00000000a1700000, 0x00000000a1700000, 0x00000000a1800000|  0%| F|  |TAMS 0x00000000a1700000| PB 0x00000000a1700000| Untracked 
| 536|0x00000000a1800000, 0x00000000a1800000, 0x00000000a1900000|  0%| F|  |TAMS 0x00000000a1800000| PB 0x00000000a1800000| Untracked 
| 537|0x00000000a1900000, 0x00000000a1900000, 0x00000000a1a00000|  0%| F|  |TAMS 0x00000000a1900000| PB 0x00000000a1900000| Untracked 
| 538|0x00000000a1a00000, 0x00000000a1a00000, 0x00000000a1b00000|  0%| F|  |TAMS 0x00000000a1a00000| PB 0x00000000a1a00000| Untracked 
| 539|0x00000000a1b00000, 0x00000000a1b00000, 0x00000000a1c00000|  0%| F|  |TAMS 0x00000000a1b00000| PB 0x00000000a1b00000| Untracked 
| 540|0x00000000a1c00000, 0x00000000a1c00000, 0x00000000a1d00000|  0%| F|  |TAMS 0x00000000a1c00000| PB 0x00000000a1c00000| Untracked 
| 541|0x00000000a1d00000, 0x00000000a1d00000, 0x00000000a1e00000|  0%| F|  |TAMS 0x00000000a1d00000| PB 0x00000000a1d00000| Untracked 
| 542|0x00000000a1e00000, 0x00000000a1e00000, 0x00000000a1f00000|  0%| F|  |TAMS 0x00000000a1e00000| PB 0x00000000a1e00000| Untracked 
| 543|0x00000000a1f00000, 0x00000000a1f00000, 0x00000000a2000000|  0%| F|  |TAMS 0x00000000a1f00000| PB 0x00000000a1f00000| Untracked 
| 544|0x00000000a2000000, 0x00000000a2000000, 0x00000000a2100000|  0%| F|  |TAMS 0x00000000a2000000| PB 0x00000000a2000000| Untracked 
| 545|0x00000000a2100000, 0x00000000a2100000, 0x00000000a2200000|  0%| F|  |TAMS 0x00000000a2100000| PB 0x00000000a2100000| Untracked 
| 546|0x00000000a2200000, 0x00000000a2200000, 0x00000000a2300000|  0%| F|  |TAMS 0x00000000a2200000| PB 0x00000000a2200000| Untracked 
| 547|0x00000000a2300000, 0x00000000a2300000, 0x00000000a2400000|  0%| F|  |TAMS 0x00000000a2300000| PB 0x00000000a2300000| Untracked 
| 548|0x00000000a2400000, 0x00000000a2400000, 0x00000000a2500000|  0%| F|  |TAMS 0x00000000a2400000| PB 0x00000000a2400000| Untracked 
| 549|0x00000000a2500000, 0x00000000a2500000, 0x00000000a2600000|  0%| F|  |TAMS 0x00000000a2500000| PB 0x00000000a2500000| Untracked 
| 550|0x00000000a2600000, 0x00000000a2600000, 0x00000000a2700000|  0%| F|  |TAMS 0x00000000a2600000| PB 0x00000000a2600000| Untracked 
| 551|0x00000000a2700000, 0x00000000a2700000, 0x00000000a2800000|  0%| F|  |TAMS 0x00000000a2700000| PB 0x00000000a2700000| Untracked 
| 552|0x00000000a2800000, 0x00000000a2800000, 0x00000000a2900000|  0%| F|  |TAMS 0x00000000a2800000| PB 0x00000000a2800000| Untracked 
| 553|0x00000000a2900000, 0x00000000a2900000, 0x00000000a2a00000|  0%| F|  |TAMS 0x00000000a2900000| PB 0x00000000a2900000| Untracked 
| 554|0x00000000a2a00000, 0x00000000a2a00000, 0x00000000a2b00000|  0%| F|  |TAMS 0x00000000a2a00000| PB 0x00000000a2a00000| Untracked 
| 555|0x00000000a2b00000, 0x00000000a2b00000, 0x00000000a2c00000|  0%| F|  |TAMS 0x00000000a2b00000| PB 0x00000000a2b00000| Untracked 
| 556|0x00000000a2c00000, 0x00000000a2c00000, 0x00000000a2d00000|  0%| F|  |TAMS 0x00000000a2c00000| PB 0x00000000a2c00000| Untracked 
| 557|0x00000000a2d00000, 0x00000000a2d00000, 0x00000000a2e00000|  0%| F|  |TAMS 0x00000000a2d00000| PB 0x00000000a2d00000| Untracked 
| 558|0x00000000a2e00000, 0x00000000a2e00000, 0x00000000a2f00000|  0%| F|  |TAMS 0x00000000a2e00000| PB 0x00000000a2e00000| Untracked 
| 559|0x00000000a2f00000, 0x00000000a2f00000, 0x00000000a3000000|  0%| F|  |TAMS 0x00000000a2f00000| PB 0x00000000a2f00000| Untracked 
| 560|0x00000000a3000000, 0x00000000a3000000, 0x00000000a3100000|  0%| F|  |TAMS 0x00000000a3000000| PB 0x00000000a3000000| Untracked 
| 561|0x00000000a3100000, 0x00000000a3100000, 0x00000000a3200000|  0%| F|  |TAMS 0x00000000a3100000| PB 0x00000000a3100000| Untracked 
| 562|0x00000000a3200000, 0x00000000a3200000, 0x00000000a3300000|  0%| F|  |TAMS 0x00000000a3200000| PB 0x00000000a3200000| Untracked 
| 563|0x00000000a3300000, 0x00000000a3300000, 0x00000000a3400000|  0%| F|  |TAMS 0x00000000a3300000| PB 0x00000000a3300000| Untracked 
| 564|0x00000000a3400000, 0x00000000a3400000, 0x00000000a3500000|  0%| F|  |TAMS 0x00000000a3400000| PB 0x00000000a3400000| Untracked 
| 565|0x00000000a3500000, 0x00000000a3500000, 0x00000000a3600000|  0%| F|  |TAMS 0x00000000a3500000| PB 0x00000000a3500000| Untracked 
| 566|0x00000000a3600000, 0x00000000a3600000, 0x00000000a3700000|  0%| F|  |TAMS 0x00000000a3600000| PB 0x00000000a3600000| Untracked 
| 567|0x00000000a3700000, 0x00000000a3700000, 0x00000000a3800000|  0%| F|  |TAMS 0x00000000a3700000| PB 0x00000000a3700000| Untracked 
| 568|0x00000000a3800000, 0x00000000a3800000, 0x00000000a3900000|  0%| F|  |TAMS 0x00000000a3800000| PB 0x00000000a3800000| Untracked 
| 569|0x00000000a3900000, 0x00000000a3900000, 0x00000000a3a00000|  0%| F|  |TAMS 0x00000000a3900000| PB 0x00000000a3900000| Untracked 
| 570|0x00000000a3a00000, 0x00000000a3a00000, 0x00000000a3b00000|  0%| F|  |TAMS 0x00000000a3a00000| PB 0x00000000a3a00000| Untracked 
| 571|0x00000000a3b00000, 0x00000000a3b00000, 0x00000000a3c00000|  0%| F|  |TAMS 0x00000000a3b00000| PB 0x00000000a3b00000| Untracked 
| 572|0x00000000a3c00000, 0x00000000a3c00000, 0x00000000a3d00000|  0%| F|  |TAMS 0x00000000a3c00000| PB 0x00000000a3c00000| Untracked 
| 573|0x00000000a3d00000, 0x00000000a3d00000, 0x00000000a3e00000|  0%| F|  |TAMS 0x00000000a3d00000| PB 0x00000000a3d00000| Untracked 
| 574|0x00000000a3e00000, 0x00000000a3e00000, 0x00000000a3f00000|  0%| F|  |TAMS 0x00000000a3e00000| PB 0x00000000a3e00000| Untracked 
| 575|0x00000000a3f00000, 0x00000000a3f00000, 0x00000000a4000000|  0%| F|  |TAMS 0x00000000a3f00000| PB 0x00000000a3f00000| Untracked 
| 576|0x00000000a4000000, 0x00000000a4000000, 0x00000000a4100000|  0%| F|  |TAMS 0x00000000a4000000| PB 0x00000000a4000000| Untracked 
| 577|0x00000000a4100000, 0x00000000a4100000, 0x00000000a4200000|  0%| F|  |TAMS 0x00000000a4100000| PB 0x00000000a4100000| Untracked 
| 578|0x00000000a4200000, 0x00000000a4200000, 0x00000000a4300000|  0%| F|  |TAMS 0x00000000a4200000| PB 0x00000000a4200000| Untracked 
| 579|0x00000000a4300000, 0x00000000a4300000, 0x00000000a4400000|  0%| F|  |TAMS 0x00000000a4300000| PB 0x00000000a4300000| Untracked 
| 580|0x00000000a4400000, 0x00000000a4400000, 0x00000000a4500000|  0%| F|  |TAMS 0x00000000a4400000| PB 0x00000000a4400000| Untracked 
| 581|0x00000000a4500000, 0x00000000a4500000, 0x00000000a4600000|  0%| F|  |TAMS 0x00000000a4500000| PB 0x00000000a4500000| Untracked 
| 582|0x00000000a4600000, 0x00000000a4600000, 0x00000000a4700000|  0%| F|  |TAMS 0x00000000a4600000| PB 0x00000000a4600000| Untracked 
| 583|0x00000000a4700000, 0x00000000a4700000, 0x00000000a4800000|  0%| F|  |TAMS 0x00000000a4700000| PB 0x00000000a4700000| Untracked 
| 584|0x00000000a4800000, 0x00000000a4800000, 0x00000000a4900000|  0%| F|  |TAMS 0x00000000a4800000| PB 0x00000000a4800000| Untracked 
| 585|0x00000000a4900000, 0x00000000a4900000, 0x00000000a4a00000|  0%| F|  |TAMS 0x00000000a4900000| PB 0x00000000a4900000| Untracked 
| 586|0x00000000a4a00000, 0x00000000a4a00000, 0x00000000a4b00000|  0%| F|  |TAMS 0x00000000a4a00000| PB 0x00000000a4a00000| Untracked 
| 587|0x00000000a4b00000, 0x00000000a4b00000, 0x00000000a4c00000|  0%| F|  |TAMS 0x00000000a4b00000| PB 0x00000000a4b00000| Untracked 
| 588|0x00000000a4c00000, 0x00000000a4c00000, 0x00000000a4d00000|  0%| F|  |TAMS 0x00000000a4c00000| PB 0x00000000a4c00000| Untracked 
| 589|0x00000000a4d00000, 0x00000000a4d00000, 0x00000000a4e00000|  0%| F|  |TAMS 0x00000000a4d00000| PB 0x00000000a4d00000| Untracked 
| 590|0x00000000a4e00000, 0x00000000a4e00000, 0x00000000a4f00000|  0%| F|  |TAMS 0x00000000a4e00000| PB 0x00000000a4e00000| Untracked 
| 591|0x00000000a4f00000, 0x00000000a4f00000, 0x00000000a5000000|  0%| F|  |TAMS 0x00000000a4f00000| PB 0x00000000a4f00000| Untracked 
| 592|0x00000000a5000000, 0x00000000a5000000, 0x00000000a5100000|  0%| F|  |TAMS 0x00000000a5000000| PB 0x00000000a5000000| Untracked 
| 593|0x00000000a5100000, 0x00000000a5100000, 0x00000000a5200000|  0%| F|  |TAMS 0x00000000a5100000| PB 0x00000000a5100000| Untracked 
| 594|0x00000000a5200000, 0x00000000a5200000, 0x00000000a5300000|  0%| F|  |TAMS 0x00000000a5200000| PB 0x00000000a5200000| Untracked 
| 595|0x00000000a5300000, 0x00000000a5300000, 0x00000000a5400000|  0%| F|  |TAMS 0x00000000a5300000| PB 0x00000000a5300000| Untracked 
| 596|0x00000000a5400000, 0x00000000a5400000, 0x00000000a5500000|  0%| F|  |TAMS 0x00000000a5400000| PB 0x00000000a5400000| Untracked 
| 597|0x00000000a5500000, 0x00000000a5500000, 0x00000000a5600000|  0%| F|  |TAMS 0x00000000a5500000| PB 0x00000000a5500000| Untracked 
| 598|0x00000000a5600000, 0x00000000a5600000, 0x00000000a5700000|  0%| F|  |TAMS 0x00000000a5600000| PB 0x00000000a5600000| Untracked 
| 599|0x00000000a5700000, 0x00000000a5700000, 0x00000000a5800000|  0%| F|  |TAMS 0x00000000a5700000| PB 0x00000000a5700000| Untracked 
| 600|0x00000000a5800000, 0x00000000a5800000, 0x00000000a5900000|  0%| F|  |TAMS 0x00000000a5800000| PB 0x00000000a5800000| Untracked 
|2019|0x00000000fe300000, 0x00000000fe400000, 0x00000000fe400000|100%| O|  |TAMS 0x00000000fe300000| PB 0x00000000fe300000| Untracked 
|2020|0x00000000fe400000, 0x00000000fe400000, 0x00000000fe500000|  0%| F|  |TAMS 0x00000000fe400000| PB 0x00000000fe400000| Untracked 
|2021|0x00000000fe500000, 0x00000000fe500000, 0x00000000fe600000|  0%| F|  |TAMS 0x00000000fe500000| PB 0x00000000fe500000| Untracked 
|2022|0x00000000fe600000, 0x00000000fe600000, 0x00000000fe700000|  0%| F|  |TAMS 0x00000000fe600000| PB 0x00000000fe600000| Untracked 
|2023|0x00000000fe700000, 0x00000000fe700000, 0x00000000fe800000|  0%| F|  |TAMS 0x00000000fe700000| PB 0x00000000fe700000| Untracked 
|2024|0x00000000fe800000, 0x00000000fe800000, 0x00000000fe900000|  0%| F|  |TAMS 0x00000000fe800000| PB 0x00000000fe800000| Untracked 
|2025|0x00000000fe900000, 0x00000000fe900000, 0x00000000fea00000|  0%| F|  |TAMS 0x00000000fe900000| PB 0x00000000fe900000| Untracked 
|2026|0x00000000fea00000, 0x00000000fea00000, 0x00000000feb00000|  0%| F|  |TAMS 0x00000000fea00000| PB 0x00000000fea00000| Untracked 
|2027|0x00000000feb00000, 0x00000000feb00000, 0x00000000fec00000|  0%| F|  |TAMS 0x00000000feb00000| PB 0x00000000feb00000| Untracked 
|2028|0x00000000fec00000, 0x00000000fec00000, 0x00000000fed00000|  0%| F|  |TAMS 0x00000000fec00000| PB 0x00000000fec00000| Untracked 
|2029|0x00000000fed00000, 0x00000000fed00000, 0x00000000fee00000|  0%| F|  |TAMS 0x00000000fed00000| PB 0x00000000fed00000| Untracked 
|2030|0x00000000fee00000, 0x00000000fee00000, 0x00000000fef00000|  0%| F|  |TAMS 0x00000000fee00000| PB 0x00000000fee00000| Untracked 
|2031|0x00000000fef00000, 0x00000000fef00000, 0x00000000ff000000|  0%| F|  |TAMS 0x00000000fef00000| PB 0x00000000fef00000| Untracked 
|2032|0x00000000ff000000, 0x00000000ff000000, 0x00000000ff100000|  0%| F|  |TAMS 0x00000000ff000000| PB 0x00000000ff000000| Untracked 
|2033|0x00000000ff100000, 0x00000000ff100000, 0x00000000ff200000|  0%| F|  |TAMS 0x00000000ff100000| PB 0x00000000ff100000| Untracked 
|2034|0x00000000ff200000, 0x00000000ff200000, 0x00000000ff300000|  0%| F|  |TAMS 0x00000000ff200000| PB 0x00000000ff200000| Untracked 
|2035|0x00000000ff300000, 0x00000000ff300000, 0x00000000ff400000|  0%| F|  |TAMS 0x00000000ff300000| PB 0x00000000ff300000| Untracked 
|2036|0x00000000ff400000, 0x00000000ff400000, 0x00000000ff500000|  0%| F|  |TAMS 0x00000000ff400000| PB 0x00000000ff400000| Untracked 
|2037|0x00000000ff500000, 0x00000000ff500000, 0x00000000ff600000|  0%| F|  |TAMS 0x00000000ff500000| PB 0x00000000ff500000| Untracked 
|2038|0x00000000ff600000, 0x00000000ff600000, 0x00000000ff700000|  0%| F|  |TAMS 0x00000000ff600000| PB 0x00000000ff600000| Untracked 
|2039|0x00000000ff700000, 0x00000000ff700000, 0x00000000ff800000|  0%| F|  |TAMS 0x00000000ff700000| PB 0x00000000ff700000| Untracked 
|2040|0x00000000ff800000, 0x00000000ff800000, 0x00000000ff900000|  0%| F|  |TAMS 0x00000000ff800000| PB 0x00000000ff800000| Untracked 
|2041|0x00000000ff900000, 0x00000000ff900000, 0x00000000ffa00000|  0%| F|  |TAMS 0x00000000ff900000| PB 0x00000000ff900000| Untracked 
|2042|0x00000000ffa00000, 0x00000000ffb00000, 0x00000000ffb00000|100%| O|  |TAMS 0x00000000ffa00000| PB 0x00000000ffa00000| Untracked 
|2043|0x00000000ffb00000, 0x00000000ffb00000, 0x00000000ffc00000|  0%| F|  |TAMS 0x00000000ffb00000| PB 0x00000000ffb00000| Untracked 
|2044|0x00000000ffc00000, 0x00000000ffc00000, 0x00000000ffd00000|  0%| F|  |TAMS 0x00000000ffc00000| PB 0x00000000ffc00000| Untracked 
|2045|0x00000000ffd00000, 0x00000000ffd00000, 0x00000000ffe00000|  0%| F|  |TAMS 0x00000000ffd00000| PB 0x00000000ffd00000| Untracked 
|2046|0x00000000ffe00000, 0x00000000ffe00000, 0x00000000fff00000|  0%| F|  |TAMS 0x00000000ffe00000| PB 0x00000000ffe00000| Untracked 
|2047|0x00000000fff00000, 0x00000000fff00000, 0x0000000100000000|  0%| F|  |TAMS 0x00000000fff00000| PB 0x00000000fff00000| Untracked 

Card table byte_map: [0x0000022e70250000,0x0000022e70650000] _byte_map_base: 0x0000022e6fe50000

Marking Bits: (CMBitMap*) 0x0000022e5da5d020
 Bits: [0x0000022e70650000, 0x0000022e72650000)

Polling page: 0x0000022e5b110000

Metaspace:

Usage:
  Non-class:    124.04 MB used.
      Class:     20.05 MB used.
       Both:    144.09 MB used.

Virtual space:
  Non-class space:      128.00 MB reserved,     125.25 MB ( 98%) committed,  2 nodes.
      Class space:        1.00 GB reserved,      21.19 MB (  2%) committed,  1 nodes.
             Both:        1.12 GB reserved,     146.44 MB ( 13%) committed. 

Chunk freelists:
   Non-Class:  2.36 MB
       Class:  10.64 MB
        Both:  13.00 MB

MaxMetaspaceSize: unlimited
CompressedClassSpaceSize: 1.00 GB
Initial GC threshold: 21.00 MB
Current GC threshold: 243.88 MB
CDS: off
 - commit_granule_bytes: 65536.
 - commit_granule_words: 8192.
 - virtual_space_node_default_size: 8388608.
 - enlarge_chunks_in_place: 1.
 - use_allocation_guard: 0.


Internal statistics:

num_allocs_failed_limit: 9.
num_arena_births: 4712.
num_arena_deaths: 56.
num_vsnodes_births: 3.
num_vsnodes_deaths: 0.
num_space_committed: 2339.
num_space_uncommitted: 0.
num_chunks_returned_to_freelist: 89.
num_chunks_taken_from_freelist: 10964.
num_chunk_merges: 30.
num_chunk_splits: 7209.
num_chunks_enlarged: 4600.
num_inconsistent_stats: 0.

CodeHeap 'non-profiled nmethods': size=120000Kb used=11349Kb max_used=11766Kb free=108650Kb
 bounds [0x0000022e685f0000, 0x0000022e691c0000, 0x0000022e6fb20000]
CodeHeap 'profiled nmethods': size=120000Kb used=36621Kb max_used=39796Kb free=83379Kb
 bounds [0x0000022e60b20000, 0x0000022e63200000, 0x0000022e68050000]
CodeHeap 'non-nmethods': size=5760Kb used=3422Kb max_used=3489Kb free=2337Kb
 bounds [0x0000022e68050000, 0x0000022e683e0000, 0x0000022e685f0000]
CodeCache: size=245760Kb, used=51392Kb, max_used=55051Kb, free=194366Kb
 total_blobs=18727, nmethods=17559, adapters=1069, full_count=0
Compilation: enabled, stopped_count=0, restarted_count=0

Compilation events (20 events):
Event: 78.774 Thread 0x0000022e752db290 25876       2       java.util.HashMap::replacementNode (21 bytes)
Event: 78.775 Thread 0x0000022e752db290 nmethod 25876 0x0000022e60de6310 code [0x0000022e60de64c0, 0x0000022e60de6748]
Event: 78.779 Thread 0x0000022e752db290 25877 %     3       com.android.tools.r8.internal.l32::a @ 511 (1138 bytes)
Event: 78.789 Thread 0x0000022e752db290 nmethod 25877% 0x0000022e627de290 code [0x0000022e627deca0, 0x0000022e627e4b80]
Event: 78.789 Thread 0x0000022e752db290 25879       2       com.android.tools.r8.internal.s14::c (10 bytes)
Event: 78.790 Thread 0x0000022e752db290 nmethod 25879 0x0000022e61756690 code [0x0000022e61756840, 0x0000022e617569c0]
Event: 78.790 Thread 0x0000022e752db290 25880       2       com.android.tools.r8.internal.im0::<init> (7 bytes)
Event: 78.790 Thread 0x0000022e752db290 nmethod 25880 0x0000022e6189cf10 code [0x0000022e6189d0c0, 0x0000022e6189d1e0]
Event: 78.797 Thread 0x0000022e752db290 25881       2       com.android.tools.r8.internal.zz::<init> (5 bytes)
Event: 78.797 Thread 0x0000022e752db290 nmethod 25881 0x0000022e618c8b10 code [0x0000022e618c8ca0, 0x0000022e618c8da8]
Event: 78.797 Thread 0x0000022e752db290 25882       2       com.android.tools.r8.internal.ja1::<init> (5 bytes)
Event: 78.798 Thread 0x0000022e752db290 nmethod 25882 0x0000022e618d1d90 code [0x0000022e618d1f20, 0x0000022e618d2028]
Event: 78.801 Thread 0x0000022e752db290 25883       3       com.android.tools.r8.internal.wh2::a (73 bytes)
Event: 78.802 Thread 0x0000022e752db290 nmethod 25883 0x0000022e610c5e90 code [0x0000022e610c6140, 0x0000022e610c6d88]
Event: 78.805 Thread 0x0000022e752db290 25884       3       com.android.tools.r8.graph.o2$b::<init> (40 bytes)
Event: 78.805 Thread 0x0000022e752db290 nmethod 25884 0x0000022e60e1e690 code [0x0000022e60e1e840, 0x0000022e60e1ea78]
Event: 78.805 Thread 0x0000022e752db290 25885       2       com.android.tools.r8.internal.l32$$Lambda/0x00000001014a32c0::accept (11 bytes)
Event: 78.805 Thread 0x0000022e752db290 nmethod 25885 0x0000022e618fd390 code [0x0000022e618fd540, 0x0000022e618fd678]
Event: 78.807 Thread 0x0000022e752db290 25886       3       com.android.tools.r8.internal.di1::<init> (47 bytes)
Event: 78.807 Thread 0x0000022e752db290 nmethod 25886 0x0000022e60f3de90 code [0x0000022e60f3e080, 0x0000022e60f3e6a8]

GC Heap History (20 events):
Event: 67.616 GC heap after
{Heap after GC invocations=75 (full 0):
 garbage-first heap   total 645120K, used 192895K [0x0000000080000000, 0x0000000100000000)
  region size 1024K, 6 young (6144K), 6 survivors (6144K)
 Metaspace       used 145282K, committed 147712K, reserved 1179648K
  class space    used 20252K, committed 21440K, reserved 1048576K
}
Event: 69.571 GC heap before
{Heap before GC invocations=75 (full 0):
 garbage-first heap   total 645120K, used 573823K [0x0000000080000000, 0x0000000100000000)
  region size 1024K, 378 young (387072K), 6 survivors (6144K)
 Metaspace       used 146750K, committed 149184K, reserved 1179648K
  class space    used 20475K, committed 21632K, reserved 1048576K
}
Event: 69.616 GC heap after
{Heap after GC invocations=76 (full 0):
 garbage-first heap   total 645120K, used 195873K [0x0000000080000000, 0x0000000100000000)
  region size 1024K, 12 young (12288K), 12 survivors (12288K)
 Metaspace       used 146750K, committed 149184K, reserved 1179648K
  class space    used 20475K, committed 21632K, reserved 1048576K
}
Event: 70.681 GC heap before
{Heap before GC invocations=76 (full 0):
 garbage-first heap   total 645120K, used 570657K [0x0000000080000000, 0x0000000100000000)
  region size 1024K, 378 young (387072K), 12 survivors (12288K)
 Metaspace       used 146856K, committed 149248K, reserved 1179648K
  class space    used 20482K, committed 21632K, reserved 1048576K
}
Event: 70.704 GC heap after
{Heap after GC invocations=77 (full 0):
 garbage-first heap   total 645120K, used 205025K [0x0000000080000000, 0x0000000100000000)
  region size 1024K, 20 young (20480K), 20 survivors (20480K)
 Metaspace       used 146856K, committed 149248K, reserved 1179648K
  class space    used 20482K, committed 21632K, reserved 1048576K
}
Event: 72.244 GC heap before
{Heap before GC invocations=78 (full 0):
 garbage-first heap   total 645120K, used 570593K [0x0000000080000000, 0x0000000100000000)
  region size 1024K, 378 young (387072K), 20 survivors (20480K)
 Metaspace       used 147035K, committed 149504K, reserved 1179648K
  class space    used 20493K, committed 21696K, reserved 1048576K
}
Event: 72.281 GC heap after
{Heap after GC invocations=79 (full 0):
 garbage-first heap   total 645120K, used 210657K [0x0000000080000000, 0x0000000100000000)
  region size 1024K, 26 young (26624K), 26 survivors (26624K)
 Metaspace       used 147035K, committed 149504K, reserved 1179648K
  class space    used 20493K, committed 21696K, reserved 1048576K
}
Event: 73.548 GC heap before
{Heap before GC invocations=79 (full 0):
 garbage-first heap   total 645120K, used 572129K [0x0000000080000000, 0x0000000100000000)
  region size 1024K, 378 young (387072K), 26 survivors (26624K)
 Metaspace       used 147309K, committed 149760K, reserved 1179648K
  class space    used 20507K, committed 21696K, reserved 1048576K
}
Event: 74.345 GC heap after
{Heap after GC invocations=80 (full 0):
 garbage-first heap   total 645120K, used 207252K [0x0000000080000000, 0x0000000100000000)
  region size 1024K, 28 young (28672K), 28 survivors (28672K)
 Metaspace       used 147309K, committed 149760K, reserved 1179648K
  class space    used 20507K, committed 21696K, reserved 1048576K
}
Event: 74.946 GC heap before
{Heap before GC invocations=80 (full 0):
 garbage-first heap   total 645120K, used 566676K [0x0000000080000000, 0x0000000100000000)
  region size 1024K, 378 young (387072K), 28 survivors (28672K)
 Metaspace       used 147354K, committed 149760K, reserved 1179648K
  class space    used 20511K, committed 21696K, reserved 1048576K
}
Event: 74.976 GC heap after
{Heap after GC invocations=81 (full 0):
 garbage-first heap   total 645120K, used 214757K [0x0000000080000000, 0x0000000100000000)
  region size 1024K, 32 young (32768K), 32 survivors (32768K)
 Metaspace       used 147354K, committed 149760K, reserved 1179648K
  class space    used 20511K, committed 21696K, reserved 1048576K
}
Event: 75.577 GC heap before
{Heap before GC invocations=81 (full 0):
 garbage-first heap   total 645120K, used 569061K [0x0000000080000000, 0x0000000100000000)
  region size 1024K, 378 young (387072K), 32 survivors (32768K)
 Metaspace       used 147389K, committed 149824K, reserved 1179648K
  class space    used 20512K, committed 21696K, reserved 1048576K
}
Event: 75.620 GC heap after
{Heap after GC invocations=82 (full 0):
 garbage-first heap   total 645120K, used 219793K [0x0000000080000000, 0x0000000100000000)
  region size 1024K, 27 young (27648K), 27 survivors (27648K)
 Metaspace       used 147389K, committed 149824K, reserved 1179648K
  class space    used 20512K, committed 21696K, reserved 1048576K
}
Event: 77.248 GC heap before
{Heap before GC invocations=82 (full 0):
 garbage-first heap   total 645120K, used 579217K [0x0000000080000000, 0x0000000100000000)
  region size 1024K, 378 young (387072K), 27 survivors (27648K)
 Metaspace       used 147424K, committed 149824K, reserved 1179648K
  class space    used 20515K, committed 21696K, reserved 1048576K
}
Event: 77.276 GC heap after
{Heap after GC invocations=83 (full 0):
 garbage-first heap   total 645120K, used 221918K [0x0000000080000000, 0x0000000100000000)
  region size 1024K, 22 young (22528K), 22 survivors (22528K)
 Metaspace       used 147424K, committed 149824K, reserved 1179648K
  class space    used 20515K, committed 21696K, reserved 1048576K
}
Event: 77.955 GC heap before
{Heap before GC invocations=84 (full 0):
 garbage-first heap   total 645120K, used 585438K [0x0000000080000000, 0x0000000100000000)
  region size 1024K, 378 young (387072K), 22 survivors (22528K)
 Metaspace       used 147514K, committed 149888K, reserved 1179648K
  class space    used 20528K, committed 21696K, reserved 1048576K
}
Event: 78.284 GC heap after
{Heap after GC invocations=85 (full 0):
 garbage-first heap   total 645120K, used 222430K [0x0000000080000000, 0x0000000100000000)
  region size 1024K, 23 young (23552K), 23 survivors (23552K)
 Metaspace       used 147514K, committed 149888K, reserved 1179648K
  class space    used 20528K, committed 21696K, reserved 1048576K
}
Event: 78.298 GC heap before
{Heap before GC invocations=85 (full 0):
 garbage-first heap   total 645120K, used 230622K [0x0000000080000000, 0x0000000100000000)
  region size 1024K, 31 young (31744K), 23 survivors (23552K)
 Metaspace       used 147514K, committed 149888K, reserved 1179648K
  class space    used 20528K, committed 21696K, reserved 1048576K
}
Event: 78.330 GC heap after
{Heap after GC invocations=86 (full 0):
 garbage-first heap   total 645120K, used 222720K [0x0000000080000000, 0x0000000100000000)
  region size 1024K, 4 young (4096K), 4 survivors (4096K)
 Metaspace       used 147514K, committed 149888K, reserved 1179648K
  class space    used 20528K, committed 21696K, reserved 1048576K
}
Event: 78.856 GC heap before
{Heap before GC invocations=86 (full 0):
 garbage-first heap   total 645120K, used 605696K [0x0000000080000000, 0x0000000100000000)
  region size 1024K, 378 young (387072K), 4 survivors (4096K)
 Metaspace       used 147547K, committed 149952K, reserved 1179648K
  class space    used 20530K, committed 21696K, reserved 1048576K
}

Dll operation events (3 events):
Event: 0.022 Loaded shared library D:\ADROIDSTUDIO\jbr\bin\java.dll
Event: 0.030 Loaded shared library D:\ADROIDSTUDIO\jbr\bin\zip.dll
Event: 2.219 Loaded shared library D:\ADROIDSTUDIO\jbr\bin\verify.dll

Deoptimization events (20 events):
Event: 78.709 Thread 0x0000022e7d608070 DEOPT PACKING pc=0x0000022e62e43878 sp=0x000000e5eaaf92e0
Event: 78.709 Thread 0x0000022e7d608070 DEOPT UNPACKING pc=0x0000022e680a88e2 sp=0x000000e5eaaf8888 mode 0
Event: 78.746 Thread 0x0000022e7d608070 DEOPT PACKING pc=0x0000022e62e43852 sp=0x000000e5eaaf95d0
Event: 78.746 Thread 0x0000022e7d608070 DEOPT UNPACKING pc=0x0000022e680a88e2 sp=0x000000e5eaaf8b68 mode 0
Event: 78.757 Thread 0x0000022e7d60a140 DEOPT PACKING pc=0x0000022e62e43878 sp=0x000000e5ea8f9480
Event: 78.757 Thread 0x0000022e7d60a140 DEOPT UNPACKING pc=0x0000022e680a88e2 sp=0x000000e5ea8f8a28 mode 0
Event: 78.777 Thread 0x0000022e7d608070 DEOPT PACKING pc=0x0000022e62e43878 sp=0x000000e5eaaf92e0
Event: 78.777 Thread 0x0000022e7d608070 DEOPT UNPACKING pc=0x0000022e680a88e2 sp=0x000000e5eaaf8888 mode 0
Event: 78.780 Thread 0x0000022e7d608070 DEOPT PACKING pc=0x0000022e62e43878 sp=0x000000e5eaaf92e0
Event: 78.780 Thread 0x0000022e7d608070 DEOPT UNPACKING pc=0x0000022e680a88e2 sp=0x000000e5eaaf8888 mode 0
Event: 78.783 Thread 0x0000022e7d608070 DEOPT PACKING pc=0x0000022e62e43852 sp=0x000000e5eaaf92e0
Event: 78.783 Thread 0x0000022e7d608070 DEOPT UNPACKING pc=0x0000022e680a88e2 sp=0x000000e5eaaf8878 mode 0
Event: 78.795 Thread 0x0000022e7d60a7d0 DEOPT PACKING pc=0x0000022e62e43852 sp=0x000000e5ea9f90c0
Event: 78.795 Thread 0x0000022e7d60a7d0 DEOPT UNPACKING pc=0x0000022e680a88e2 sp=0x000000e5ea9f8658 mode 0
Event: 78.805 Thread 0x0000022e7d608070 DEOPT PACKING pc=0x0000022e62e43878 sp=0x000000e5eaaf92e0
Event: 78.805 Thread 0x0000022e7d608070 DEOPT UNPACKING pc=0x0000022e680a88e2 sp=0x000000e5eaaf8888 mode 0
Event: 78.808 Thread 0x0000022e7d608070 DEOPT PACKING pc=0x0000022e62e43852 sp=0x000000e5eaaf92e0
Event: 78.808 Thread 0x0000022e7d608070 DEOPT UNPACKING pc=0x0000022e680a88e2 sp=0x000000e5eaaf8878 mode 0
Event: 78.821 Thread 0x0000022e7e57afb0 DEOPT PACKING pc=0x0000022e62e43878 sp=0x000000e5ea7f93b0
Event: 78.821 Thread 0x0000022e7e57afb0 DEOPT UNPACKING pc=0x0000022e680a88e2 sp=0x000000e5ea7f8958 mode 0

Classes loaded (20 events):
Event: 62.070 Loading class java/util/stream/SliceOps
Event: 62.073 Loading class java/util/stream/SliceOps done
Event: 62.073 Loading class java/util/stream/SliceOps$1
Event: 62.074 Loading class java/util/stream/SliceOps$1 done
Event: 62.085 Loading class java/util/stream/SliceOps$1$1
Event: 62.087 Loading class java/util/stream/SliceOps$1$1 done
Event: 62.112 Loading class java/util/PriorityQueue
Event: 62.113 Loading class java/util/PriorityQueue done
Event: 62.144 Loading class java/util/IdentityHashMap$ValueIterator
Event: 62.146 Loading class java/util/IdentityHashMap$ValueIterator done
Event: 63.649 Loading class java/util/concurrent/ConcurrentHashMap$TreeNode
Event: 63.735 Loading class java/util/concurrent/ConcurrentHashMap$TreeNode done
Event: 63.735 Loading class java/util/concurrent/ConcurrentHashMap$TreeBin
Event: 63.739 Loading class java/util/concurrent/ConcurrentHashMap$TreeBin done
Event: 68.246 Loading class java/nio/ShortBuffer
Event: 68.253 Loading class java/nio/ShortBuffer done
Event: 68.586 Loading class java/nio/ByteBufferAsShortBufferL
Event: 68.594 Loading class java/nio/ByteBufferAsShortBufferL done
Event: 68.746 Loading class java/util/zip/Adler32
Event: 68.781 Loading class java/util/zip/Adler32 done

Classes unloaded (20 events):
Event: 64.398 Thread 0x0000022e7524f7e0 Unloading class 0x000000010142c400 'java/lang/invoke/LambdaForm$DMH+0x000000010142c400'
Event: 64.398 Thread 0x0000022e7524f7e0 Unloading class 0x000000010142cc00 'java/lang/invoke/LambdaForm$DMH+0x000000010142cc00'
Event: 64.398 Thread 0x0000022e7524f7e0 Unloading class 0x00000001013cd000 'java/lang/invoke/LambdaForm$DMH+0x00000001013cd000'
Event: 64.398 Thread 0x0000022e7524f7e0 Unloading class 0x00000001013cc000 'java/lang/invoke/LambdaForm$DMH+0x00000001013cc000'
Event: 64.398 Thread 0x0000022e7524f7e0 Unloading class 0x00000001013cc800 'java/lang/invoke/LambdaForm$DMH+0x00000001013cc800'
Event: 64.398 Thread 0x0000022e7524f7e0 Unloading class 0x00000001013ccc00 'java/lang/invoke/LambdaForm$DMH+0x00000001013ccc00'
Event: 64.398 Thread 0x0000022e7524f7e0 Unloading class 0x0000000101388800 'java/lang/invoke/LambdaForm$DMH+0x0000000101388800'
Event: 64.398 Thread 0x0000022e7524f7e0 Unloading class 0x0000000101388400 'java/lang/invoke/LambdaForm$DMH+0x0000000101388400'
Event: 64.398 Thread 0x0000022e7524f7e0 Unloading class 0x0000000101388000 'java/lang/invoke/LambdaForm$DMH+0x0000000101388000'
Event: 64.398 Thread 0x0000022e7524f7e0 Unloading class 0x0000000101385800 'java/lang/invoke/LambdaForm$DMH+0x0000000101385800'
Event: 64.398 Thread 0x0000022e7524f7e0 Unloading class 0x0000000101385400 'java/lang/invoke/LambdaForm$DMH+0x0000000101385400'
Event: 64.398 Thread 0x0000022e7524f7e0 Unloading class 0x0000000101385000 'java/lang/invoke/LambdaForm$DMH+0x0000000101385000'
Event: 64.398 Thread 0x0000022e7524f7e0 Unloading class 0x0000000101384c00 'java/lang/invoke/LambdaForm$DMH+0x0000000101384c00'
Event: 64.398 Thread 0x0000022e7524f7e0 Unloading class 0x0000000101384800 'java/lang/invoke/LambdaForm$DMH+0x0000000101384800'
Event: 64.398 Thread 0x0000022e7524f7e0 Unloading class 0x0000000101384400 'java/lang/invoke/LambdaForm$DMH+0x0000000101384400'
Event: 75.971 Thread 0x0000022e7524f7e0 Unloading class 0x00000001014ec400 'java/lang/invoke/LambdaForm$DMH+0x00000001014ec400'
Event: 75.971 Thread 0x0000022e7524f7e0 Unloading class 0x0000000101491800 'java/lang/invoke/LambdaForm$DMH+0x0000000101491800'
Event: 75.971 Thread 0x0000022e7524f7e0 Unloading class 0x0000000101490c00 'java/lang/invoke/LambdaForm$DMH+0x0000000101490c00'
Event: 75.971 Thread 0x0000022e7524f7e0 Unloading class 0x0000000101491000 'java/lang/invoke/LambdaForm$DMH+0x0000000101491000'
Event: 75.971 Thread 0x0000022e7524f7e0 Unloading class 0x0000000101490400 'java/lang/invoke/LambdaForm$DMH+0x0000000101490400'

Classes redefined (0 events):
No events

Internal exceptions (20 events):
Event: 66.784 Thread 0x0000022e7e57afb0 Exception <a 'java/lang/NoSuchMethodError'{0x0000000099b6cfe0}: 'void java.lang.invoke.DirectMethodHandle$Holder.invokeSpecial(java.lang.Object, java.lang.Object, java.lang.Object, int, java.lang.Object, java.lang.Object, java.lang.Object, java.lang.Object)'> (0x0000000099b6cfe0) 
thrown [s\src\hotspot\share\interpreter\linkResolver.cpp, line 784]
Event: 66.790 Thread 0x0000022e7e579c00 Exception <a 'java/lang/NoSuchMethodError'{0x0000000099a00400}: 'void java.lang.invoke.DirectMethodHandle$Holder.invokeStatic(java.lang.Object, java.lang.Object, java.lang.Object, java.lang.Object, java.lang.Object, java.lang.Object, java.lang.Object, java.lang.Object)'> (0x0000000099a00400) 
thrown [s\src\hotspot\share\interpreter\linkResolver.cpp, line 784]
Event: 67.041 Thread 0x0000022e7e144540 Implicit null exception at 0x0000022e68fa0f7d to 0x0000022e68fa10ac
Event: 67.041 Thread 0x0000022e7e57afb0 Implicit null exception at 0x0000022e68fa0f7d to 0x0000022e68fa10ac
Event: 68.387 Thread 0x0000022e7e579c00 Exception <a 'java/lang/IncompatibleClassChangeError'{0x000000009db9ac38}: Found class java.lang.Object, but interface was expected> (0x000000009db9ac38) 
thrown [s\src\hotspot\share\interpreter\linkResolver.cpp, line 851]
Event: 68.909 Thread 0x0000022e7e579c00 Exception <a 'sun/nio/fs/WindowsException'{0x000000009558bcf8}> (0x000000009558bcf8) 
thrown [s\src\hotspot\share\prims\jni.cpp, line 537]
Event: 68.909 Thread 0x0000022e7e144540 Exception <a 'sun/nio/fs/WindowsException'{0x000000009abdd900}> (0x000000009abdd900) 
thrown [s\src\hotspot\share\prims\jni.cpp, line 537]
Event: 68.909 Thread 0x0000022e7e57afb0 Exception <a 'sun/nio/fs/WindowsException'{0x00000000993123b8}> (0x00000000993123b8) 
thrown [s\src\hotspot\share\prims\jni.cpp, line 537]
Event: 71.722 Thread 0x0000022e7e144540 Exception <a 'sun/nio/fs/WindowsException'{0x000000009b8fab18}> (0x000000009b8fab18) 
thrown [s\src\hotspot\share\prims\jni.cpp, line 537]
Event: 72.145 Thread 0x0000022e7d60a7d0 Exception <a 'java/lang/NoSuchMethodError'{0x00000000928a42c0}: 'java.lang.Object java.lang.invoke.DirectMethodHandle$Holder.newInvokeSpecial(java.lang.Object, int, java.lang.Object, java.lang.Object, java.lang.Object)'> (0x00000000928a42c0) 
thrown [s\src\hotspot\share\interpreter\linkResolver.cpp, line 784]
Event: 72.147 Thread 0x0000022e7d60a7d0 Exception <a 'java/lang/NoSuchMethodError'{0x00000000928a8788}: 'java.lang.Object java.lang.invoke.DirectMethodHandle$Holder.invokeSpecial(java.lang.Object, java.lang.Object, int, java.lang.Object, java.lang.Object, java.lang.Object)'> (0x00000000928a8788) 
thrown [s\src\hotspot\share\interpreter\linkResolver.cpp, line 784]
Event: 72.148 Thread 0x0000022e7d60a7d0 Exception <a 'java/lang/NoSuchMethodError'{0x00000000928ac760}: 'java.lang.Object java.lang.invoke.Invokers$Holder.linkToTargetMethod(int, java.lang.Object, java.lang.Object, java.lang.Object, java.lang.Object)'> (0x00000000928ac760) 
thrown [s\src\hotspot\share\interpreter\linkResolver.cpp, line 784]
Event: 72.613 Thread 0x0000022e7e57afb0 Exception <a 'sun/nio/fs/WindowsException'{0x00000000a0ecccf0}> (0x00000000a0ecccf0) 
thrown [s\src\hotspot\share\prims\jni.cpp, line 537]
Event: 72.726 Thread 0x0000022e7d60a7d0 Exception <a 'sun/nio/fs/WindowsException'{0x000000009f00d200}> (0x000000009f00d200) 
thrown [s\src\hotspot\share\prims\jni.cpp, line 537]
Event: 72.752 Thread 0x0000022e7e57bcd0 Exception <a 'java/lang/NoSuchMethodError'{0x000000009e0017b0}: 'void java.lang.invoke.DirectMethodHandle$Holder.invokeSpecial(java.lang.Object, java.lang.Object, java.lang.Object, java.lang.Object, java.lang.Object, java.lang.Object, java.lang.Object, java.lang.Object, java.lang.Object, java.lang.Object)'> (0x000000009e0017b0) 
thrown [s\src\hotspot\share\interpreter\linkResolver.cpp, line 784]
Event: 73.370 Thread 0x0000022e7d60a7d0 Exception <a 'sun/nio/fs/WindowsException'{0x0000000095bbf110}> (0x0000000095bbf110) 
thrown [s\src\hotspot\share\prims\jni.cpp, line 537]
Event: 73.370 Thread 0x0000022e7e57afb0 Exception <a 'sun/nio/fs/WindowsException'{0x0000000096d70f00}> (0x0000000096d70f00) 
thrown [s\src\hotspot\share\prims\jni.cpp, line 537]
Event: 74.760 Thread 0x0000022e7e57bcd0 Exception <a 'sun/nio/fs/WindowsException'{0x00000000a281c478}> (0x00000000a281c478) 
thrown [s\src\hotspot\share\prims\jni.cpp, line 537]
Event: 77.422 Thread 0x0000022e7e57afb0 Exception <a 'java/lang/NoSuchMethodError'{0x00000000a50f11f8}: 'void java.lang.invoke.DirectMethodHandle$Holder.invokeSpecial(java.lang.Object, java.lang.Object, java.lang.Object, java.lang.Object, java.lang.Object, java.lang.Object, java.lang.Object, java.lang.Object, java.lang.Object)'> (0x00000000a50f11f8) 
thrown [s\src\hotspot\share\interpreter\linkResolver.cpp, line 784]
Event: 77.484 Thread 0x0000022e7e144540 Exception <a 'sun/nio/fs/WindowsException'{0x00000000a2d79840}> (0x00000000a2d79840) 
thrown [s\src\hotspot\share\prims\jni.cpp, line 537]

ZGC Phase Switch (0 events):
No events

VM Operations (20 events):
Event: 73.037 Executing VM operation: HandshakeAllThreads (Deoptimize) done
Event: 73.151 Executing VM operation: ICBufferFull
Event: 73.152 Executing VM operation: ICBufferFull done
Event: 73.547 Executing VM operation: G1CollectForAllocation (G1 Evacuation Pause)
Event: 74.345 Executing VM operation: G1CollectForAllocation (G1 Evacuation Pause) done
Event: 74.946 Executing VM operation: G1CollectForAllocation (G1 Evacuation Pause)
Event: 74.976 Executing VM operation: G1CollectForAllocation (G1 Evacuation Pause) done
Event: 75.576 Executing VM operation: G1CollectForAllocation (G1 Evacuation Pause)
Event: 75.620 Executing VM operation: G1CollectForAllocation (G1 Evacuation Pause) done
Event: 75.970 Executing VM operation: G1PauseRemark
Event: 76.816 Executing VM operation: G1PauseRemark done
Event: 77.243 Executing VM operation: G1CollectForAllocation (G1 Evacuation Pause)
Event: 77.276 Executing VM operation: G1CollectForAllocation (G1 Evacuation Pause) done
Event: 77.407 Executing VM operation: G1PauseCleanup
Event: 77.415 Executing VM operation: G1PauseCleanup done
Event: 77.955 Executing VM operation: G1CollectForAllocation (G1 Evacuation Pause)
Event: 78.284 Executing VM operation: G1CollectForAllocation (G1 Evacuation Pause) done
Event: 78.298 Executing VM operation: G1CollectForAllocation (G1 Evacuation Pause)
Event: 78.330 Executing VM operation: G1CollectForAllocation (G1 Evacuation Pause) done
Event: 78.856 Executing VM operation: G1CollectForAllocation (G1 Evacuation Pause)

Memory protections (0 events):
No events

Nmethod flushes (20 events):
Event: 76.814 Thread 0x0000022e7524f7e0 flushing  nmethod 0x0000022e62d15e10
Event: 76.814 Thread 0x0000022e7524f7e0 flushing  nmethod 0x0000022e62d16290
Event: 76.814 Thread 0x0000022e7524f7e0 flushing  nmethod 0x0000022e62d17d10
Event: 76.814 Thread 0x0000022e7524f7e0 flushing  nmethod 0x0000022e62d18210
Event: 76.814 Thread 0x0000022e7524f7e0 flushing  nmethod 0x0000022e62d18610
Event: 76.814 Thread 0x0000022e7524f7e0 flushing  nmethod 0x0000022e62d4af10
Event: 76.814 Thread 0x0000022e7524f7e0 flushing  nmethod 0x0000022e62d4bd10
Event: 76.814 Thread 0x0000022e7524f7e0 flushing  nmethod 0x0000022e62d4c110
Event: 76.814 Thread 0x0000022e7524f7e0 flushing  nmethod 0x0000022e62d4c890
Event: 76.814 Thread 0x0000022e7524f7e0 flushing  nmethod 0x0000022e62d4cd90
Event: 76.814 Thread 0x0000022e7524f7e0 flushing  nmethod 0x0000022e62d4dd90
Event: 76.814 Thread 0x0000022e7524f7e0 flushing  nmethod 0x0000022e62d4e110
Event: 76.814 Thread 0x0000022e7524f7e0 flushing  nmethod 0x0000022e62d50910
Event: 76.814 Thread 0x0000022e7524f7e0 flushing  nmethod 0x0000022e62d97d10
Event: 76.814 Thread 0x0000022e7524f7e0 flushing  nmethod 0x0000022e62d9c890
Event: 76.814 Thread 0x0000022e7524f7e0 flushing  nmethod 0x0000022e62db5790
Event: 76.814 Thread 0x0000022e7524f7e0 flushing  nmethod 0x0000022e62e0e710
Event: 76.814 Thread 0x0000022e7524f7e0 flushing  nmethod 0x0000022e62e1b690
Event: 76.814 Thread 0x0000022e7524f7e0 flushing  nmethod 0x0000022e62e1c610
Event: 76.814 Thread 0x0000022e7524f7e0 flushing  nmethod 0x0000022e62e4fc10

Events (20 events):
Event: 39.349 Thread 0x0000022e752db290 Thread added: 0x0000022e7f108990
Event: 39.969 Thread 0x0000022e7d609ab0 Thread added: 0x0000022e7d60cf30
Event: 40.172 Thread 0x0000022e7e143820 Thread added: 0x0000022e0566b090
Event: 40.173 Thread 0x0000022e7e143820 Thread added: 0x0000022e05669ce0
Event: 40.173 Thread 0x0000022e7e143820 Thread added: 0x0000022e0566a370
Event: 40.174 Thread 0x0000022e7e143820 Thread added: 0x0000022e0566bdb0
Event: 40.174 Thread 0x0000022e7e143820 Thread added: 0x0000022e05668930
Event: 40.175 Thread 0x0000022e7e143820 Thread added: 0x0000022e0566c440
Event: 40.175 Thread 0x0000022e7e143820 Thread added: 0x0000022e0566b720
Event: 40.782 Thread 0x0000022e7e143820 Thread added: 0x0000022e0566ff50
Event: 40.782 Thread 0x0000022e7e143820 Thread added: 0x0000022e0566de80
Event: 40.790 Thread 0x0000022e7e143820 Thread added: 0x0000022e0566d160
Event: 40.791 Thread 0x0000022e7e143820 Thread added: 0x0000022e05670c70
Event: 40.792 Thread 0x0000022e7e143820 Thread added: 0x0000022e0566e510
Event: 40.793 Thread 0x0000022e7e143820 Thread added: 0x0000022e0566eba0
Event: 40.795 Thread 0x0000022e7e143820 Thread added: 0x0000022e0566d7f0
Event: 42.515 Thread 0x0000022e7f108990 Thread exited: 0x0000022e7f108990
Event: 50.360 Thread 0x0000022e752db290 Thread added: 0x0000022e7f109e00
Event: 51.840 Thread 0x0000022e7f109e00 Thread exited: 0x0000022e7f109e00
Event: 60.184 Thread 0x0000022e752db290 Thread added: 0x0000022e7f1082c0


Dynamic libraries:
0x00007ff6099c0000 - 0x00007ff6099ca000 	D:\ADROIDSTUDIO\jbr\bin\java.exe
0x00007ffeafb80000 - 0x00007ffeafde7000 	C:\WINDOWS\SYSTEM32\ntdll.dll
0x00007ffeaef00000 - 0x00007ffeaefc9000 	C:\WINDOWS\System32\KERNEL32.DLL
0x00007ffeac480000 - 0x00007ffeac874000 	C:\WINDOWS\System32\KERNELBASE.dll
0x00007ffead580000 - 0x00007ffead6cb000 	C:\WINDOWS\System32\ucrtbase.dll
0x00007ffe9afa0000 - 0x00007ffe9afb8000 	D:\ADROIDSTUDIO\jbr\bin\jli.dll
0x00007ffea7c10000 - 0x00007ffea7c2b000 	D:\ADROIDSTUDIO\jbr\bin\VCRUNTIME140.dll
0x00007ffead9f0000 - 0x00007ffeadbb5000 	C:\WINDOWS\System32\USER32.dll
0x00007ffeac450000 - 0x00007ffeac477000 	C:\WINDOWS\System32\win32u.dll
0x00007ffe968a0000 - 0x00007ffe96b33000 	C:\WINDOWS\WinSxS\amd64_microsoft.windows.common-controls_6595b64144ccf1df_6.0.26100.8115_none_3e075c82e3354f9c\COMCTL32.dll
0x00007ffeadfa0000 - 0x00007ffeadfcb000 	C:\WINDOWS\System32\GDI32.dll
0x00007ffeaf660000 - 0x00007ffeaf709000 	C:\WINDOWS\System32\msvcrt.dll
0x00007ffeac930000 - 0x00007ffeaca5b000 	C:\WINDOWS\System32\gdi32full.dll
0x00007ffeacc60000 - 0x00007ffeacd03000 	C:\WINDOWS\System32\msvcp_win.dll
0x00007ffeadf60000 - 0x00007ffeadf92000 	C:\WINDOWS\System32\IMM32.DLL
0x00007ffeaf0c0000 - 0x00007ffeaf126000 	C:\WINDOWS\System32\SHLWAPI.dll
0x00007ffeacd10000 - 0x00007ffead578000 	C:\WINDOWS\System32\Windows.Storage.dll
0x00007ffeae9d0000 - 0x00007ffeaed52000 	C:\WINDOWS\System32\combase.dll
0x00007ffeaf740000 - 0x00007ffeaf858000 	C:\WINDOWS\System32\RPCRT4.dll
0x00007ffeaf000000 - 0x00007ffeaf0b6000 	C:\WINDOWS\System32\advapi32.dll
0x00007ffeadea0000 - 0x00007ffeadf47000 	C:\WINDOWS\System32\sechost.dll
0x00007ffea7c40000 - 0x00007ffea7c4c000 	D:\ADROIDSTUDIO\jbr\bin\vcruntime140_1.dll
0x00007ffe86810000 - 0x00007ffe8689d000 	D:\ADROIDSTUDIO\jbr\bin\msvcp140.dll
0x00007ffe37ae0000 - 0x00007ffe38776000 	D:\ADROIDSTUDIO\jbr\bin\server\jvm.dll
0x00007ffeaf5c0000 - 0x00007ffeaf640000 	C:\WINDOWS\System32\WS2_32.dll
0x00007ffeac2b0000 - 0x00007ffeac30e000 	C:\WINDOWS\SYSTEM32\POWRPROF.dll
0x00007ffe95fe0000 - 0x00007ffe96016000 	C:\WINDOWS\SYSTEM32\WINMM.dll
0x00007ffe999c0000 - 0x00007ffe999cb000 	C:\WINDOWS\SYSTEM32\VERSION.dll
0x00007ffeac290000 - 0x00007ffeac2a4000 	C:\WINDOWS\SYSTEM32\UMPDC.dll
0x00007ffeab1e0000 - 0x00007ffeab1fb000 	C:\WINDOWS\SYSTEM32\kernel.appcore.dll
0x00007ffea7940000 - 0x00007ffea794a000 	D:\ADROIDSTUDIO\jbr\bin\jimage.dll
0x00007ffea9bf0000 - 0x00007ffea9e32000 	C:\WINDOWS\SYSTEM32\DBGHELP.DLL
0x00007ffead910000 - 0x00007ffead9e8000 	C:\WINDOWS\System32\OLEAUT32.dll
0x00007ffe8ccd0000 - 0x00007ffe8cd0b000 	C:\WINDOWS\SYSTEM32\dbgcore.DLL
0x00007ffeac880000 - 0x00007ffeac925000 	C:\WINDOWS\System32\bcryptPrimitives.dll
0x00007ffe9af90000 - 0x00007ffe9af9e000 	D:\ADROIDSTUDIO\jbr\bin\instrument.dll
0x00007ffea7920000 - 0x00007ffea7940000 	D:\ADROIDSTUDIO\jbr\bin\java.dll
0x00007ffea4c50000 - 0x00007ffea4c68000 	D:\ADROIDSTUDIO\jbr\bin\zip.dll
0x00007ffeae260000 - 0x00007ffeae9c7000 	C:\WINDOWS\System32\SHELL32.dll
0x00007ffeaca60000 - 0x00007ffeacbca000 	C:\WINDOWS\System32\wintypes.dll
0x00007ffeaf860000 - 0x00007ffeaf958000 	C:\WINDOWS\System32\SHCORE.dll
0x00007ffeac370000 - 0x00007ffeac399000 	C:\WINDOWS\SYSTEM32\profapi.dll
0x00007ffea4bf0000 - 0x00007ffea4c00000 	D:\ADROIDSTUDIO\jbr\bin\net.dll
0x00007ffe9d1d0000 - 0x00007ffe9d2fd000 	C:\WINDOWS\SYSTEM32\WINHTTP.dll
0x00007ffeab750000 - 0x00007ffeab7bc000 	C:\WINDOWS\system32\mswsock.dll
0x00007ffea4b00000 - 0x00007ffea4b16000 	D:\ADROIDSTUDIO\jbr\bin\nio.dll
0x00007ffe9b3f0000 - 0x00007ffe9b400000 	D:\ADROIDSTUDIO\jbr\bin\verify.dll
0x00007ffe9afc0000 - 0x00007ffe9afe7000 	C:\Users\CUONG\.gradle\native\1def1411415f61bf3af743bc5b6707747c0891f09f0c88961ee8f79bc544acac\windows-amd64\native-platform.dll
0x00007ffe85a70000 - 0x00007ffe85ae8000 	C:\Users\CUONG\.gradle\native\0.2.7\x86_64-windows-gnu\gradle-fileevents.dll
0x00007ffea4ad0000 - 0x00007ffea4ad9000 	D:\ADROIDSTUDIO\jbr\bin\management.dll
0x00007ffea4ac0000 - 0x00007ffea4acb000 	D:\ADROIDSTUDIO\jbr\bin\management_ext.dll
0x00007ffeaefd0000 - 0x00007ffeaefd8000 	C:\WINDOWS\System32\PSAPI.DLL
0x00007ffeaad30000 - 0x00007ffeaad62000 	C:\WINDOWS\SYSTEM32\IPHLPAPI.DLL
0x00007ffeaf650000 - 0x00007ffeaf65a000 	C:\WINDOWS\System32\NSI.dll
0x00007ffea4ae0000 - 0x00007ffea4ae9000 	D:\ADROIDSTUDIO\jbr\bin\extnet.dll
0x00007ffeaba30000 - 0x00007ffeaba4b000 	C:\WINDOWS\SYSTEM32\CRYPTSP.dll
0x00007ffeab140000 - 0x00007ffeab179000 	C:\WINDOWS\system32\rsaenh.dll
0x00007ffeab800000 - 0x00007ffeab833000 	C:\WINDOWS\SYSTEM32\USERENV.dll
0x00007ffeac340000 - 0x00007ffeac36a000 	C:\WINDOWS\SYSTEM32\bcrypt.dll
0x00007ffeaba50000 - 0x00007ffeaba5c000 	C:\WINDOWS\SYSTEM32\CRYPTBASE.dll
0x00007ffe67710000 - 0x00007ffe67718000 	C:\WINDOWS\system32\wshunix.dll
0x00007ffe68aa0000 - 0x00007ffe68c38000 	D:\ADROIDSTUDIO\jbr\bin\awt.dll
0x00007ffeaa170000 - 0x00007ffeaa19f000 	C:\WINDOWS\SYSTEM32\dwmapi.dll
0x00007ffe9a300000 - 0x00007ffe9a344000 	D:\ADROIDSTUDIO\jbr\bin\nvdaControllerClient64.dll
0x00007ffea9830000 - 0x00007ffea98cf000 	C:\WINDOWS\SYSTEM32\apphelp.dll
0x00007ffea9f20000 - 0x00007ffea9fc9000 	C:\WINDOWS\system32\uxtheme.dll

JVMTI agents:
C:\Users\CUONG\.gradle\wrapper\dists\gradle-8.13-bin\5xuhj0ry160q40clulazy9h7d\gradle-8.13\lib\agents\gradle-instrumentation-agent-8.13.jar path:D:\ADROIDSTUDIO\jbr\bin\instrument.dll, loaded, initialized, instrumentlib options:none

dbghelp: loaded successfully - version: 4.0.5 - missing functions: none
symbol engine: initialized successfully - sym options: 0x614 - pdb path: .;D:\ADROIDSTUDIO\jbr\bin;C:\WINDOWS\SYSTEM32;C:\WINDOWS\WinSxS\amd64_microsoft.windows.common-controls_6595b64144ccf1df_6.0.26100.8115_none_3e075c82e3354f9c;D:\ADROIDSTUDIO\jbr\bin\server;C:\Users\CUONG\.gradle\native\1def1411415f61bf3af743bc5b6707747c0891f09f0c88961ee8f79bc544acac\windows-amd64;C:\Users\CUONG\.gradle\native\0.2.7\x86_64-windows-gnu

VM Arguments:
jvm_args: --add-opens=java.base/java.lang=ALL-UNNAMED --add-opens=java.base/java.lang.invoke=ALL-UNNAMED --add-opens=java.base/java.util=ALL-UNNAMED --add-opens=java.prefs/java.util.prefs=ALL-UNNAMED --add-exports=jdk.compiler/com.sun.tools.javac.api=ALL-UNNAMED --add-exports=jdk.compiler/com.sun.tools.javac.util=ALL-UNNAMED --add-opens=java.base/java.util=ALL-UNNAMED --add-opens=java.prefs/java.util.prefs=ALL-UNNAMED --add-opens=java.base/java.nio.charset=ALL-UNNAMED --add-opens=java.base/java.net=ALL-UNNAMED --add-opens=java.base/java.util.concurrent.atomic=ALL-UNNAMED --add-opens=java.xml/javax.xml.namespace=ALL-UNNAMED -Xmx2048m -Dfile.encoding=UTF-8 -Duser.country=US -Duser.language=en -Duser.variant -javaagent:C:\Users\CUONG\.gradle\wrapper\dists\gradle-8.13-bin\5xuhj0ry160q40clulazy9h7d\gradle-8.13\lib\agents\gradle-instrumentation-agent-8.13.jar 
java_command: org.gradle.launcher.daemon.bootstrap.GradleDaemon 8.13
java_class_path (initial): C:\Users\CUONG\.gradle\wrapper\dists\gradle-8.13-bin\5xuhj0ry160q40clulazy9h7d\gradle-8.13\lib\gradle-daemon-main-8.13.jar
Launcher Type: SUN_STANDARD

[Global flags]
     intx CICompilerCount                          = 4                                         {product} {ergonomic}
     uint ConcGCThreads                            = 2                                         {product} {ergonomic}
     uint G1ConcRefinementThreads                  = 8                                         {product} {ergonomic}
   size_t G1HeapRegionSize                         = 1048576                                   {product} {ergonomic}
    uintx GCDrainStackTargetSize                   = 64                                        {product} {ergonomic}
   size_t InitialHeapSize                          = 130023424                                 {product} {ergonomic}
   size_t MarkStackSize                            = 4194304                                   {product} {ergonomic}
   size_t MaxHeapSize                              = 2147483648                                {product} {command line}
   size_t MaxNewSize                               = 1287651328                                {product} {ergonomic}
   size_t MinHeapDeltaBytes                        = 1048576                                   {product} {ergonomic}
   size_t MinHeapSize                              = 8388608                                   {product} {ergonomic}
    uintx NonNMethodCodeHeapSize                   = 5839372                                {pd product} {ergonomic}
    uintx NonProfiledCodeHeapSize                  = 122909434                              {pd product} {ergonomic}
    uintx ProfiledCodeHeapSize                     = 122909434                              {pd product} {ergonomic}
    uintx ReservedCodeCacheSize                    = 251658240                              {pd product} {ergonomic}
     bool SegmentedCodeCache                       = true                                      {product} {ergonomic}
   size_t SoftMaxHeapSize                          = 2147483648                             {manageable} {ergonomic}
     bool UseCompressedOops                        = true                           {product lp64_product} {ergonomic}
     bool UseG1GC                                  = true                                      {product} {ergonomic}
     bool UseLargePagesIndividualAllocation        = false                                  {pd product} {ergonomic}

Logging:
Log output configuration:
 #0: stdout all=warning uptime,level,tags foldmultilines=false
 #1: stderr all=off uptime,level,tags foldmultilines=false

Environment Variables:
PATH=C:\Program Files\Common Files\Siemens\Automation\Simatic OAM\bin;C:\Program Files (x86)\Common Files\Oracle\Java\javapath;C:\ProgramData\Oracle\Java\javapath;C:\WINDOWS\system32;C:\WINDOWS;C:\WINDOWS\System32\Wbem;C:\WINDOWS\System32\WindowsPowerShell\v1.0\;C:\WINDOWS\System32\OpenSSH\;C:\Windows\System32\cmd.exe;C:\MinGW\bin;C:\PROGRA~2\PICC;C:\MinGW\bin;D:\PUTTY\;C:\Program Files\dotnet\;C:\Program Files (x86)\IVI Foundation\VISA\WinNT\Bin\;C:\Program Files\IVI Foundation\VISA\Win64\Bin\;C:\Program Files (x86)\National Instruments\Shared\LabVIEW CLI;C:\Program Files (x86)\IVI Foundation\VISA\WinNT\Bin;C:\Program Files\Cloudflare\Cloudflare WARP\;C:\Users\CUONG\AppData\Local\Programs\Python\Python312\Scripts\;C:\Users\CUONG\AppData\Local\Programs\Python\Python312\;C:\Users\CUONG\AppData\Local\Programs\Python\Launcher\;C:\Users\CUONG\AppData\Local\Microsoft\WindowsApps;C:\Users\CUONG\AppData\Local\Programs\Microsoft VS Code\bin;C:\Users\CUONG\AppData\Local\Python\bin;D:\MODELSIM\FILE\win64;D:\MODELSIM\win64;C:\modeltech64_2020.4\win64;C:\intelFPGA\18.1\modelsim_ase\win32aloem
USERNAME=CUONG
OS=Windows_NT
PROCESSOR_IDENTIFIER=Intel64 Family 6 Model 140 Stepping 1, GenuineIntel
TMP=C:\Users\CUONG\AppData\Local\Temp
TEMP=C:\Users\CUONG\AppData\Local\Temp




Periodic native trim disabled

JNI global refs:
JNI global refs: 98, weak refs: 300

JNI global refs memory usage: 1467, weak refs: 3361

Process memory usage:
Resident Set Size: 681380K (8% of 8074280K total physical memory with 551268K free physical memory)

OOME stack traces (most recent first):
Classloader memory used:
Loader org.gradle.internal.classloader.VisitableURLClassLoader$InstrumentingVisitableURLClassLoader: 55412K
Loader org.gradle.internal.classloader.VisitableURLClassLoader                         : 44805K
Loader bootstrap                                                                       : 32889K
Loader org.gradle.initialization.MixInLegacyTypesClassLoader                           : 12913K
Loader jdk.internal.loader.ClassLoaders$PlatformClassLoader                            : 518K
Loader jdk.internal.reflect.DelegatingClassLoader                                      : 459K
Loader jdk.internal.loader.ClassLoaders$AppClassLoader                                 : 235K
Loader org.gradle.internal.classloader.VisitableURLClassLoader                         : 149K
Loader org.gradle.groovy.scripts.internal.DefaultScriptCompilationHandler$ScriptClassLoader: 136K
Loader org.codehaus.groovy.runtime.callsite.CallSiteClassLoader                        : 27480B

Classes loaded by more than one classloader:
Class Program                                                                         : loaded 5 times (x 72B)
Class com.google.common.base.PairwiseEquivalence                                      : loaded 2 times (x 83B)
Class com.google.common.base.Equivalence$Identity                                     : loaded 2 times (x 82B)
Class com.google.common.collect.RegularImmutableMap$KeySet                            : loaded 2 times (x 152B)
Class org.gradle.internal.classloader.FilteringClassLoader                            : loaded 2 times (x 105B)
Class [Lcom.google.common.collect.MapMakerInternalMap$Segment;                        : loaded 2 times (x 69B)
Class com.google.common.io.FileWriteMode                                              : loaded 2 times (x 79B)
Class [Lcom.google.common.base.AbstractIterator$State;                                : loaded 2 times (x 69B)
Class com.google.common.base.CharMatcher$IsEither                                     : loaded 2 times (x 111B)
Class org.gradle.internal.classloader.ClassLoaderHierarchy                            : loaded 2 times (x 70B)
Class com.google.common.collect.AbstractMapBasedMultimap$WrappedCollection            : loaded 2 times (x 124B)
Class com.google.common.collect.ImmutableEnumSet                                      : loaded 2 times (x 146B)
Class com.google.common.util.concurrent.ExecutionError                                : loaded 2 times (x 82B)
Class com.google.common.collect.ImmutableList$1                                       : loaded 2 times (x 97B)
Class org.gradle.api.internal.classpath.ManifestUtil                                  : loaded 2 times (x 71B)
Class com.google.common.io.ByteArrayDataOutput                                        : loaded 2 times (x 70B)
Class com.google.common.collect.RegularImmutableMap                                   : loaded 2 times (x 121B)
Class com.google.common.collect.ImmutableMap$MapViewOfValuesAsSingletonSets           : loaded 2 times (x 126B)
Class com.google.common.collect.TransformedListIterator                               : loaded 2 times (x 93B)
Class [Lorg.objectweb.asm.Symbol;                                                     : loaded 2 times (x 69B)
Class org.objectweb.asm.ClassVisitor                                                  : loaded 2 times (x 88B)
Class com.google.common.collect.UnmodifiableListIterator                              : loaded 2 times (x 95B)
Class com.google.common.collect.MapMakerInternalMap$StrongKeyDummyValueEntry$LinkedStrongKeyDummyValueEntry: loaded 2 times (x 82B)
Class com.google.common.collect.MapMakerInternalMap$Strength                          : loaded 2 times (x 80B)
Class com.google.common.base.Platform$JdkPatternCompiler                              : loaded 2 times (x 75B)
Class org.objectweb.asm.MethodTooLargeException                                       : loaded 2 times (x 83B)
Class [Lcom.google.common.cache.CacheBuilder$OneWeigher;                              : loaded 2 times (x 69B)
Class com.google.common.base.Suppliers                                                : loaded 2 times (x 71B)
Class org.gradle.internal.classloader.DefaultClassLoaderFactory                       : loaded 2 times (x 82B)
Class com.google.common.io.ByteSource$ConcatenatedByteSource                          : loaded 2 times (x 85B)
Class com.google.common.base.CharMatcher$None                                         : loaded 2 times (x 112B)
Class org.gradle.internal.classloader.ClassLoaderVisitor                              : loaded 2 times (x 76B)
Class [Lcom.google.common.collect.ImmutableMapEntry;                                  : loaded 2 times (x 69B)
Class org.gradle.api.internal.classpath.EffectiveClassPath                            : loaded 2 times (x 90B)
Class com.google.common.collect.ImmutableRangeSet                                     : loaded 2 times (x 115B)
Class com.google.common.collect.ListMultimap                                          : loaded 2 times (x 70B)
Class com.google.common.collect.ImmutableEnumMap                                      : loaded 2 times (x 126B)
Class com.google.common.collect.Iterators$EmptyModifiableIterator                     : loaded 2 times (x 86B)
Class com.google.common.base.Splitter                                                 : loaded 2 times (x 72B)
Class com.google.common.collect.Sets$1                                                : loaded 2 times (x 139B)
Class org.objectweb.asm.AnnotationVisitor                                             : loaded 2 times (x 78B)
Class org.gradle.api.internal.DefaultClassPathProvider                                : loaded 2 times (x 76B)
Class com.google.common.collect.MapMakerInternalMap$Strength$1                        : loaded 2 times (x 80B)
Class com.google.common.io.CharSource$ConcatenatedCharSource                          : loaded 2 times (x 86B)
Class com.google.common.collect.Maps$ViewCachingAbstractMap                           : loaded 2 times (x 125B)
Class com.google.common.collect.Sets$2                                                : loaded 2 times (x 139B)
Class [Lorg.gradle.api.internal.ClassPathProvider;                                    : loaded 2 times (x 69B)
Class org.gradle.api.internal.ClassPathProvider                                       : loaded 2 times (x 70B)
Class com.google.common.collect.MapMakerInternalMap$Strength$2                        : loaded 2 times (x 80B)
Class com.google.common.base.AbstractIterator$State                                   : loaded 2 times (x 79B)
Class [Lorg.objectweb.asm.AnnotationVisitor;                                          : loaded 2 times (x 69B)
Class com.google.common.collect.Sets$3                                                : loaded 2 times (x 139B)
Class com.google.common.util.concurrent.AbstractFuture$SafeAtomicHelper               : loaded 2 times (x 79B)
Class com.google.common.cache.LocalCache$LocalLoadingCache                            : loaded 2 times (x 134B)
Class org.gradle.internal.service.UnknownServiceException                             : loaded 2 times (x 83B)
Class com.google.common.collect.MapMakerInternalMap$StrongValueEntry                  : loaded 2 times (x 70B)
Class com.google.common.io.ByteArrayDataInput                                         : loaded 2 times (x 70B)
Class com.google.common.collect.Sets$4                                                : loaded 2 times (x 139B)
Class org.objectweb.asm.ModuleVisitor                                                 : loaded 2 times (x 81B)
Class com.google.common.cache.LocalCache$Strength$1                                   : loaded 2 times (x 81B)
Class com.google.common.util.concurrent.SettableFuture                                : loaded 2 times (x 114B)
Class com.google.common.cache.LocalCache$Strength$2                                   : loaded 2 times (x 81B)
Class ijKotlinCoroutineJvmDebugInit1_6ospyducgyqnnyse4xdgwcvlp$_run_closure1$_closure2: loaded 2 times (x 139B)
Class com.google.common.collect.Interners$InternerImpl                                : loaded 2 times (x 75B)
Class com.google.common.collect.Interner                                              : loaded 2 times (x 70B)
Class com.google.common.io.ByteStreams                                                : loaded 2 times (x 71B)
Class com.google.common.collect.TransformedIterator                                   : loaded 2 times (x 80B)
Class com.google.common.base.Splitter$1                                               : loaded 2 times (x 77B)
Class com.google.common.cache.LocalCache$Strength$3                                   : loaded 2 times (x 81B)
Class com.google.common.collect.MapDifference                                         : loaded 2 times (x 70B)
Class com.google.common.collect.MapMaker$Dummy                                        : loaded 2 times (x 79B)
Class org.objectweb.asm.FieldWriter                                                   : loaded 2 times (x 78B)
Class com.google.common.cache.CacheBuilder$NullListener                               : loaded 2 times (x 82B)
Class org.gradle.internal.classpath.TransformedClassPath                              : loaded 2 times (x 96B)
Class org.gradle.internal.classloader.InstrumentingClassLoader                        : loaded 2 times (x 70B)
Class com.google.common.collect.ImmutableListMultimap                                 : loaded 2 times (x 176B)
Class com.google.common.collect.ImmutableRangeSet$AsSet                               : loaded 2 times (x 300B)
Class com.google.common.cache.CacheLoader$FunctionToCacheLoader                       : loaded 2 times (x 75B)
Class com.google.common.collect.Iterators$ArrayItr                                    : loaded 2 times (x 97B)
Class com.google.common.collect.ImmutableCollection$Builder                           : loaded 2 times (x 76B)
Class com.google.common.collect.EmptyImmutableListMultimap                            : loaded 2 times (x 176B)
Class com.google.common.collect.BaseImmutableMultimap                                 : loaded 2 times (x 123B)
Class com.google.common.base.Joiner                                                   : loaded 2 times (x 79B)
Class com.google.common.base.MoreObjects                                              : loaded 2 times (x 71B)
Class [Lorg.objectweb.asm.Attribute;                                                  : loaded 2 times (x 69B)
Class com.google.common.collect.Platform                                              : loaded 2 times (x 71B)
Class [Lorg.objectweb.asm.Type;                                                       : loaded 2 times (x 69B)
Class com.google.common.collect.UnmodifiableIterator                                  : loaded 2 times (x 80B)
Class org.gradle.internal.service.ServiceLocator                                      : loaded 2 times (x 70B)
Class com.google.common.base.Ascii                                                    : loaded 2 times (x 71B)
Class com.google.common.collect.SingletonImmutableBiMap                               : loaded 2 times (x 143B)
Class com.google.common.cache.LocalCache$1                                            : loaded 2 times (x 89B)
Class com.google.common.collect.AbstractMapEntry                                      : loaded 2 times (x 81B)
Class com.google.common.collect.MapMakerInternalMap$AbstractStrongKeyEntry            : loaded 2 times (x 80B)
Class com.google.common.io.CharSource$StringCharSource                                : loaded 2 times (x 86B)
Class com.google.common.io.ByteSource$ByteArrayByteSource                             : loaded 2 times (x 85B)
Class com.google.common.collect.Sets$ImprovedAbstractSet                              : loaded 2 times (x 135B)
Class com.google.common.collect.ImmutableList$Builder                                 : loaded 2 times (x 77B)
Class com.google.common.collect.AbstractMultimap                                      : loaded 2 times (x 123B)
Class com.google.common.cache.LocalCache$2                                            : loaded 2 times (x 142B)
Class com.google.common.collect.ImmutableRangeSet$1                                   : loaded 2 times (x 210B)
Class com.google.common.util.concurrent.AbstractFuture$UnsafeAtomicHelper$1           : loaded 2 times (x 76B)
Class com.google.common.collect.RegularImmutableAsList                                : loaded 2 times (x 217B)
Class com.google.common.base.Optional                                                 : loaded 2 times (x 80B)
Class com.google.common.collect.Range                                                 : loaded 2 times (x 87B)
Class com.google.common.util.concurrent.AbstractFuture$Trusted                        : loaded 2 times (x 70B)
Class com.google.common.collect.Iterators                                             : loaded 2 times (x 71B)
Class com.google.common.io.ByteSink$AsCharSink                                        : loaded 2 times (x 80B)
Class com.google.common.collect.Lists$StringAsImmutableList                           : loaded 2 times (x 207B)
Class com.google.common.util.concurrent.UncheckedExecutionException                   : loaded 2 times (x 82B)
Class org.gradle.internal.InternalTransformer                                         : loaded 2 times (x 70B)
Class com.google.common.collect.AbstractMapBasedMultimap$KeySet$1                     : loaded 2 times (x 82B)
Class org.objectweb.asm.ClassWriter                                                   : loaded 2 times (x 106B)
Class com.google.common.cache.CacheLoader$UnsupportedLoadingOperationException        : loaded 2 times (x 82B)
Class com.google.common.base.CharMatcher$And                                          : loaded 2 times (x 112B)
Class org.gradle.internal.classloader.ClasspathUtil$1                                 : loaded 2 times (x 76B)
Class com.google.common.base.Objects                                                  : loaded 2 times (x 71B)
Class org.objectweb.asm.FieldVisitor                                                  : loaded 2 times (x 77B)
Class com.google.common.collect.IndexedImmutableSet                                   : loaded 2 times (x 152B)
Class com.google.common.collect.ImmutableMap$1                                        : loaded 2 times (x 81B)
Class com.google.common.collect.BiMap                                                 : loaded 2 times (x 70B)
Class org.gradle.api.internal.classpath.DefaultModuleRegistry$DefaultModule           : loaded 2 times (x 86B)
Class com.google.common.primitives.Ints                                               : loaded 2 times (x 71B)
Class com.google.common.collect.AbstractIterator                                      : loaded 2 times (x 82B)
Class com.google.common.collect.ObjectArrays                                          : loaded 2 times (x 71B)
Class com.google.common.collect.Multiset                                              : loaded 2 times (x 70B)
Class com.google.common.collect.ArrayListMultimapGwtSerializationDependencies         : loaded 2 times (x 172B)
Class com.google.common.collect.AbstractIndexedListIterator                           : loaded 2 times (x 96B)
Class com.google.common.math.MathPreconditions                                        : loaded 2 times (x 71B)
Class com.google.common.collect.ImmutableMapEntrySet                                  : loaded 2 times (x 152B)
Class org.gradle.api.internal.classpath.Module                                        : loaded 2 times (x 70B)
Class com.google.common.cache.Weigher                                                 : loaded 2 times (x 70B)
Class org.gradle.api.internal.classpath.UnknownModuleException                        : loaded 2 times (x 82B)
Class com.google.common.base.Stopwatch                                                : loaded 2 times (x 72B)
Class com.google.common.cache.LocalCache$Strength                                     : loaded 2 times (x 81B)
Class com.google.common.cache.Cache                                                   : loaded 2 times (x 70B)
Class com.google.common.io.AppendableWriter                                           : loaded 2 times (x 100B)
Class com.google.common.io.Files$2                                                    : loaded 2 times (x 76B)
Class com.google.common.base.NullnessCasts                                            : loaded 2 times (x 71B)
Class com.google.common.util.concurrent.AbstractFuture$Cancellation                   : loaded 2 times (x 72B)
Class com.google.common.collect.ImmutableMap$Builder                                  : loaded 2 times (x 82B)
Class com.google.common.base.Present                                                  : loaded 2 times (x 81B)
Class com.google.common.collect.AbstractMapBasedMultimap$WrappedCollection$WrappedIterator: loaded 2 times (x 84B)
Class com.google.common.cache.RemovalListener                                         : loaded 2 times (x 70B)
Class org.gradle.api.internal.DefaultClassPathRegistry                                : loaded 2 times (x 76B)
Class com.google.common.collect.ImmutableMultimap$Keys                                : loaded 2 times (x 166B)
Class com.google.common.primitives.IntsMethodsForWeb                                  : loaded 2 times (x 71B)
Class com.google.common.collect.Multimap                                              : loaded 2 times (x 70B)
Class org.gradle.api.internal.ClassPathRegistry                                       : loaded 2 times (x 70B)
Class org.gradle.internal.classpath.DefaultClassPath$ImmutableUniqueList              : loaded 2 times (x 199B)
Class com.google.common.collect.MapMakerInternalMap$Segment                           : loaded 2 times (x 142B)
Class com.google.common.base.ExtraObjectsMethodsForWeb                                : loaded 2 times (x 71B)
Class com.google.common.io.LineReader                                                 : loaded 2 times (x 72B)
Class com.google.common.io.ByteSink                                                   : loaded 2 times (x 76B)
Class com.google.common.cache.CacheBuilder                                            : loaded 2 times (x 72B)
Class com.google.common.collect.SingletonImmutableList                                : loaded 2 times (x 207B)
Class Settings_gradle$1                                                               : loaded 2 times (x 75B)
Class org.gradle.internal.classpath.ClassPath                                         : loaded 2 times (x 70B)
Class org.gradle.api.UncheckedIOException                                             : loaded 2 times (x 82B)
Class com.google.common.collect.Interners$InternerBuilder                             : loaded 2 times (x 76B)
Class com.google.common.io.Files$FileByteSource                                       : loaded 2 times (x 85B)
Class com.google.common.base.JdkPattern                                               : loaded 2 times (x 75B)
Class com.google.common.collect.ImmutableList$ReverseImmutableList                    : loaded 2 times (x 209B)
Class com.google.common.io.CharStreams$NullWriter                                     : loaded 2 times (x 99B)
Class com.google.common.io.CharSource$CharSequenceCharSource                          : loaded 2 times (x 86B)
Class org.objectweb.asm.SymbolTable$Entry                                             : loaded 2 times (x 74B)
Class com.google.common.util.concurrent.AbstractFuture$AtomicHelper                   : loaded 2 times (x 78B)
Class ijKotlinCoroutineJvmDebugInit1_6ospyducgyqnnyse4xdgwcvlp                        : loaded 2 times (x 179B)
Class org.objectweb.asm.Edge                                                          : loaded 2 times (x 72B)
Class com.google.common.base.Suppliers$SupplierOfInstance                             : loaded 2 times (x 79B)
Class com.google.common.collect.Iterators$1                                           : loaded 2 times (x 81B)
Class com.google.common.cache.LocalCache$ComputingValueReference                      : loaded 2 times (x 96B)
Class com.google.common.collect.SingletonImmutableSet                                 : loaded 2 times (x 146B)
Class com.google.common.collect.ImmutableMap$IteratorBasedImmutableMap                : loaded 2 times (x 126B)
Class com.google.common.cache.LocalCache$Segment                                      : loaded 2 times (x 154B)
Class com.google.common.collect.SortedIterable                                        : loaded 2 times (x 70B)
Class com.google.common.collect.AbstractListMultimap                                  : loaded 2 times (x 172B)
Class [Lorg.objectweb.asm.SymbolTable$Entry;                                          : loaded 2 times (x 69B)
Class com.google.common.cache.CacheLoader                                             : loaded 2 times (x 74B)
Class com.google.common.collect.Iterators$4                                           : loaded 2 times (x 82B)
Class com.google.common.collect.ImmutableBiMap                                        : loaded 2 times (x 143B)
Class org.gradle.internal.installation.GradleInstallation$1                           : loaded 2 times (x 75B)
Class org.gradle.api.internal.classpath.ModuleRegistry                                : loaded 2 times (x 70B)
Class com.google.common.base.Splitter$SplittingIterator                               : loaded 2 times (x 84B)
Class com.google.common.util.concurrent.internal.InternalFutureFailureAccess          : loaded 2 times (x 72B)
Class com.google.common.collect.Iterators$5                                           : loaded 2 times (x 82B)
Class com.google.common.collect.ImmutableSet$JdkBackedSetBuilderImpl                  : loaded 2 times (x 76B)
Class com.google.common.collect.ImmutableMultimap$Values                              : loaded 2 times (x 126B)
Class com.google.common.util.concurrent.AbstractFuture$UnsafeAtomicHelper             : loaded 2 times (x 78B)
Class com.google.common.cache.LocalCache$LocalManualCache$1                           : loaded 2 times (x 75B)
Class com.google.common.base.CharMatcher$ForPredicate                                 : loaded 2 times (x 112B)
Class com.google.common.base.CharMatcher$AnyOf                                        : loaded 2 times (x 112B)
Class com.google.common.collect.ImmutableCollection                                   : loaded 2 times (x 125B)
Class org.gradle.api.internal.classpath.DefaultModuleRegistry                         : loaded 2 times (x 86B)
Class com.google.common.collect.Lists                                                 : loaded 2 times (x 71B)
Class com.google.common.util.concurrent.ListenableFuture                              : loaded 2 times (x 70B)
Class com.google.common.cache.ReferenceEntry                                          : loaded 2 times (x 70B)
Class com.google.common.base.Converter                                                : loaded 2 times (x 90B)
Class com.google.common.collect.ImmutableSet$CachingAsList                            : loaded 2 times (x 148B)
Class com.google.common.collect.AbstractMapBasedMultimap                              : loaded 2 times (x 139B)
Class com.google.common.util.concurrent.AbstractFuture                                : loaded 2 times (x 106B)
Class com.google.common.base.FunctionalEquivalence                                    : loaded 2 times (x 83B)
Class com.google.common.collect.Iterators$9                                           : loaded 2 times (x 81B)
Class com.google.common.collect.ImmutableAsList                                       : loaded 2 times (x 209B)
Class com.google.common.io.CharStreams                                                : loaded 2 times (x 71B)
Class com.google.common.collect.ImmutableMultiset                                     : loaded 2 times (x 163B)
Class org.objectweb.asm.RecordComponentVisitor                                        : loaded 2 times (x 77B)
Class com.google.common.cache.CacheLoader$SupplierToCacheLoader                       : loaded 2 times (x 75B)
Class com.google.common.collect.Maps$EntryTransformer                                 : loaded 2 times (x 70B)
Class org.gradle.internal.service.ServiceLookupException                              : loaded 2 times (x 82B)
Class com.google.common.base.CharMatcher$JavaLetter                                   : loaded 2 times (x 111B)
Class com.google.common.collect.ImmutableSortedSet                                    : loaded 2 times (x 300B)
Class [Lcom.google.common.cache.LocalCache$EntryFactory;                              : loaded 2 times (x 69B)
Class org.gradle.internal.classloader.ClassLoaderFactory                              : loaded 2 times (x 70B)
Class com.google.common.collect.ImmutableMap$SerializedForm                           : loaded 2 times (x 73B)
Class com.google.common.base.CommonPattern                                            : loaded 2 times (x 74B)
Class com.google.common.cache.LocalCache$LocalManualCache                             : loaded 2 times (x 99B)
Class com.google.common.base.CharMatcher$IsNot                                        : loaded 2 times (x 111B)
Class org.gradle.internal.service.CachingServiceLocator                               : loaded 2 times (x 82B)
Class com.google.common.collect.RegularImmutableSortedSet                             : loaded 2 times (x 300B)
Class com.google.common.collect.AbstractMapBasedMultimap$KeySet                       : loaded 2 times (x 137B)
Class com.google.common.math.IntMath                                                  : loaded 2 times (x 71B)
Class com.google.common.collect.MapMakerInternalMap$InternalEntry                     : loaded 2 times (x 70B)
Class com.google.common.collect.ImmutableMapEntry                                     : loaded 2 times (x 85B)
Class com.google.common.collect.ImmutableMultimap                                     : loaded 2 times (x 147B)
Class com.google.common.base.Equivalence                                              : loaded 2 times (x 82B)
Class com.google.common.base.Function                                                 : loaded 2 times (x 70B)
Class com.google.common.collect.ImmutableMapEntry$NonTerminalImmutableMapEntry        : loaded 2 times (x 85B)
Class com.google.common.cache.CacheBuilder$OneWeigher                                 : loaded 2 times (x 82B)
Class com.google.common.collect.RegularImmutableList                                  : loaded 2 times (x 213B)
Class org.gradle.internal.classloader.ClasspathUtil                                   : loaded 2 times (x 71B)
Class com.google.common.base.Charsets                                                 : loaded 2 times (x 71B)
Class com.google.common.util.concurrent.Uninterruptibles                              : loaded 2 times (x 71B)
Class com.google.common.io.CharSource                                                 : loaded 2 times (x 85B)
Class com.google.common.collect.Maps                                                  : loaded 2 times (x 71B)
Class org.gradle.api.specs.Spec                                                       : loaded 2 times (x 70B)
Class com.google.common.collect.MapMaker                                              : loaded 2 times (x 72B)
Class [Lcom.google.common.collect.ImmutableEntry;                                     : loaded 2 times (x 69B)
Class com.google.common.cache.LocalCache$LoadingValueReference                        : loaded 2 times (x 96B)
Class Build_gradle$1                                                                  : loaded 2 times (x 74B)
Class com.google.common.io.LineReader$1                                               : loaded 2 times (x 75B)
Class com.google.common.collect.CollectSpliterators                                   : loaded 2 times (x 71B)
Class com.google.common.collect.AbstractMapBasedMultimap$AsMap                        : loaded 2 times (x 128B)
Class com.google.common.collect.MapMakerInternalMap$StrongKeyDummyValueEntry          : loaded 2 times (x 82B)
Class com.google.common.base.Platform                                                 : loaded 2 times (x 71B)
Class com.google.common.collect.AbstractMapBasedMultimap$WrappedList                  : loaded 2 times (x 205B)
Class [Lorg.objectweb.asm.AnnotationWriter;                                           : loaded 2 times (x 69B)
Class com.google.common.collect.Maps$8                                                : loaded 2 times (x 82B)
Class [Lcom.google.common.collect.Iterators$EmptyModifiableIterator;                  : loaded 2 times (x 69B)
Class com.google.common.collect.ImmutableRangeSet$Builder                             : loaded 2 times (x 77B)
Class com.google.common.collect.Sets$SetView                                          : loaded 2 times (x 138B)
Class com.google.common.cache.LocalCache$StrongValueReference                         : loaded 2 times (x 90B)
Class com.google.common.util.concurrent.AbstractFuture$SynchronizedHelper             : loaded 2 times (x 78B)
Class ijKotlinCoroutineJvmDebugInit1_6ospyducgyqnnyse4xdgwcvlp$_run_closure1          : loaded 2 times (x 139B)
Class com.google.common.graph.SuccessorsFunction                                      : loaded 2 times (x 70B)
Class org.objectweb.asm.Type                                                          : loaded 2 times (x 72B)
Class org.gradle.internal.classloader.VisitableURLClassLoader$InstrumentingVisitableURLClassLoader: loaded 2 times (x 123B)
Class com.google.common.collect.MapMakerInternalMap$StrongKeyDummyValueEntry$Helper   : loaded 2 times (x 79B)
Class com.google.common.io.Files$FileByteSink                                         : loaded 2 times (x 77B)
Class org.objectweb.asm.ByteVector                                                    : loaded 2 times (x 79B)
Class [Lcom.google.common.cache.CacheBuilder$NullListener;                            : loaded 2 times (x 69B)
Class com.google.common.math.IntMath$1                                                : loaded 2 times (x 71B)
Class org.gradle.internal.classloader.VisitableURLClassLoader$Spec                    : loaded 2 times (x 74B)
Class org.gradle.internal.classpath.DefaultClassPath                                  : loaded 2 times (x 90B)
Class com.google.common.base.AbstractIterator                                         : loaded 2 times (x 80B)
Class org.objectweb.asm.Symbol                                                        : loaded 2 times (x 73B)
Class com.google.common.io.Java8Compatibility                                         : loaded 2 times (x 71B)
Class com.google.common.io.Closer                                                     : loaded 2 times (x 78B)
Class com.google.common.base.CharMatcher$Ascii                                        : loaded 2 times (x 112B)
Class com.google.common.base.CharMatcher$BitSetMatcher                                : loaded 2 times (x 112B)
Class com.google.common.collect.RegularImmutableMap$Values                            : loaded 2 times (x 207B)
Class com.google.common.collect.ImmutableSet                                          : loaded 2 times (x 145B)
Class org.gradle.internal.classloader.ClassLoaderSpec                                 : loaded 2 times (x 71B)
Class com.google.common.io.ByteSource$EmptyByteSource                                 : loaded 2 times (x 85B)
Class org.objectweb.asm.AnnotationWriter                                              : loaded 2 times (x 79B)
Class com.google.common.cache.CacheStats                                              : loaded 2 times (x 71B)
Class com.google.common.collect.ImmutableMultisetGwtSerializationDependencies         : loaded 2 times (x 125B)
Class com.google.common.collect.Interners                                             : loaded 2 times (x 71B)
Class com.google.common.io.Closer$Suppressor                                          : loaded 2 times (x 70B)
Class com.google.common.io.LineProcessor                                              : loaded 2 times (x 70B)
Class org.objectweb.asm.RecordComponentWriter                                         : loaded 2 times (x 78B)
Class com.google.common.util.concurrent.AbstractFuture$Listener                       : loaded 2 times (x 72B)
Class com.google.common.base.CharMatcher$Or                                           : loaded 2 times (x 112B)
Class Settings_gradle$1$1                                                             : loaded 2 times (x 75B)
Class [Lorg.objectweb.asm.Label;                                                      : loaded 2 times (x 69B)
Class org.objectweb.asm.Attribute                                                     : loaded 2 times (x 77B)
Class com.google.common.base.Supplier                                                 : loaded 2 times (x 70B)
Class org.gradle.internal.classloader.VisitableURLClassLoader                         : loaded 2 times (x 117B)
Class com.google.common.io.CharSource$AsByteSource                                    : loaded 2 times (x 85B)
Class com.google.common.util.concurrent.AbstractFuture$Waiter                         : loaded 2 times (x 72B)
Class Settings_gradle                                                                 : loaded 2 times (x 128B)
Class org.gradle.internal.Cast                                                        : loaded 2 times (x 71B)
Class org.gradle.api.Action                                                           : loaded 2 times (x 70B)
Class com.google.common.collect.MapMakerInternalMap                                   : loaded 2 times (x 161B)
Class com.google.common.base.Strings                                                  : loaded 2 times (x 71B)
Class com.google.common.collect.Sets                                                  : loaded 2 times (x 71B)
Class org.objectweb.asm.Handler                                                       : loaded 2 times (x 72B)
Class com.google.common.base.Ticker                                                   : loaded 2 times (x 72B)
Class com.google.common.base.CharMatcher$FastMatcher                                  : loaded 2 times (x 111B)
Class [Lcom.google.common.cache.LocalCache$Segment;                                   : loaded 2 times (x 69B)
Class [Lcom.google.common.cache.LocalCache$Strength;                                  : loaded 2 times (x 69B)
Class com.google.common.cache.CacheBuilder$1                                          : loaded 2 times (x 85B)
Class com.google.common.base.Predicate                                                : loaded 2 times (x 70B)
Class com.google.common.collect.ImmutableMap                                          : loaded 2 times (x 120B)
Class org.gradle.internal.classpath.DefaultClassPath$ImmutableUniqueList$Builder      : loaded 2 times (x 75B)
Class com.google.common.collect.MapMakerInternalMap$WeakValueReference                : loaded 2 times (x 70B)
Class com.google.common.collect.AbstractRangeSet                                      : loaded 2 times (x 114B)
Class com.google.common.cache.LocalCache                                              : loaded 2 times (x 187B)
Class com.google.common.cache.CacheBuilder$2                                          : loaded 2 times (x 79B)
Class com.google.common.base.CharMatcher$NegatedFastMatcher                           : loaded 2 times (x 113B)
Class ijJvmDebugger1_281fhc25io4drlupy95mln208$_run_closure1                          : loaded 2 times (x 139B)
Class com.google.common.collect.ArrayListMultimap                                     : loaded 2 times (x 172B)
Class com.google.common.cache.CacheBuilder$3                                          : loaded 2 times (x 72B)
Class [Lcom.google.common.collect.AbstractMapEntry;                                   : loaded 2 times (x 69B)
Class com.google.common.collect.ImmutableEntry                                        : loaded 2 times (x 82B)
Class org.gradle.api.GradleException                                                  : loaded 2 times (x 82B)
Class com.google.common.base.Suppliers$MemoizingSupplier                              : loaded 2 times (x 79B)
Class com.google.common.io.CharSource$EmptyCharSource                                 : loaded 2 times (x 86B)
Class com.google.common.collect.CollectPreconditions                                  : loaded 2 times (x 71B)
Class [Lcom.google.common.collect.MapMakerInternalMap$Strength;                       : loaded 2 times (x 69B)
Class [Lcom.google.common.io.FileWriteMode;                                           : loaded 2 times (x 69B)
Class com.google.common.collect.SortedMapDifference                                   : loaded 2 times (x 70B)
Class ijJvmDebugger1_281fhc25io4drlupy95mln208                                        : loaded 2 times (x 179B)
Class com.google.common.collect.MapMakerInternalMap$StrongKeyDummyValueSegment        : loaded 2 times (x 142B)
Class com.google.common.io.Files                                                      : loaded 2 times (x 71B)
Class com.google.common.cache.LocalCache$EntryFactory                                 : loaded 2 times (x 83B)
Class [Lcom.google.common.collect.MapMaker$Dummy;                                     : loaded 2 times (x 69B)
Class com.google.common.base.CharMatcher$Whitespace                                   : loaded 2 times (x 112B)
Class com.google.common.base.Splitter$1$1                                             : loaded 2 times (x 86B)
Class com.google.common.cache.LocalCache$AbstractReferenceEntry                       : loaded 2 times (x 107B)
Class org.gradle.internal.IoActions                                                   : loaded 2 times (x 71B)
Class com.google.common.collect.ImmutableMapKeySet                                    : loaded 2 times (x 152B)
Class com.google.common.collect.ImmutableRangeSet$ComplementRanges                    : loaded 2 times (x 207B)
Class org.objectweb.asm.SymbolTable                                                   : loaded 2 times (x 72B)
Class com.google.common.cache.CacheLoader$InvalidCacheLoadException                   : loaded 2 times (x 82B)
Class com.google.common.collect.ImmutableSet$RegularSetBuilderImpl                    : loaded 2 times (x 77B)
Class org.gradle.internal.classloader.SystemClassLoaderSpec                           : loaded 2 times (x 71B)
Class com.google.common.cache.LocalCache$StrongEntry                                  : loaded 2 times (x 108B)
Class com.google.common.util.concurrent.AbstractFuture$TrustedFuture                  : loaded 2 times (x 114B)
Class com.google.common.cache.LoadingCache                                            : loaded 2 times (x 70B)
Class com.google.common.base.Suppliers$NonSerializableMemoizingSupplier               : loaded 2 times (x 79B)
Class com.google.common.io.ByteStreams$LimitedInputStream                             : loaded 2 times (x 92B)
Class org.objectweb.asm.MethodWriter                                                  : loaded 2 times (x 106B)
Class [Lcom.google.common.cache.Weigher;                                              : loaded 2 times (x 69B)
Class com.google.common.collect.RegularImmutableMap$BucketOverflowException           : loaded 2 times (x 82B)
Class com.google.common.collect.ImmutableMultimap$1                                   : loaded 2 times (x 82B)
Class com.google.common.collect.AbstractMapBasedMultimap$RandomAccessWrappedList      : loaded 2 times (x 205B)
Class com.google.common.collect.ImmutableMultimap$2                                   : loaded 2 times (x 81B)
Class com.google.common.collect.RegularImmutableBiMap                                 : loaded 2 times (x 149B)
Class com.google.common.cache.LocalCache$ValueReference                               : loaded 2 times (x 70B)
Class com.google.common.base.CharMatcher$Negated                                      : loaded 2 times (x 113B)
Class com.google.common.base.CharMatcher$Is                                           : loaded 2 times (x 111B)
Class com.google.common.hash.PrimitiveSink                                            : loaded 2 times (x 70B)
Class com.google.common.base.PatternCompiler                                          : loaded 2 times (x 70B)
Class com.google.common.util.concurrent.AbstractFuture$Failure                        : loaded 2 times (x 72B)
Class com.google.common.base.Equivalence$Equals                                       : loaded 2 times (x 82B)
Class com.google.common.collect.Hashing                                               : loaded 2 times (x 71B)
Class com.google.common.base.Preconditions                                            : loaded 2 times (x 71B)
Class com.google.common.collect.ImmutableSetMultimap                                  : loaded 2 times (x 180B)
Class com.google.common.io.CharSink                                                   : loaded 2 times (x 79B)
Class com.google.common.base.Joiner$1                                                 : loaded 2 times (x 80B)
Class org.objectweb.asm.Label                                                         : loaded 2 times (x 73B)
Class org.objectweb.asm.CurrentFrame                                                  : loaded 2 times (x 73B)
Class org.objectweb.asm.ClassTooLargeException                                        : loaded 2 times (x 83B)
Class com.google.common.base.CharMatcher                                              : loaded 2 times (x 111B)
Class com.google.common.collect.PeekingIterator                                       : loaded 2 times (x 70B)
Class com.google.common.collect.MapMakerInternalMap$InternalEntryHelper               : loaded 2 times (x 70B)
Class com.google.common.io.ByteSource$AsCharSource                                    : loaded 2 times (x 86B)
Class com.google.common.collect.Maps$IteratorBasedAbstractMap                         : loaded 2 times (x 125B)
Class com.google.common.collect.RangeGwtSerializationDependencies                     : loaded 2 times (x 71B)
Class com.google.common.collect.Table                                                 : loaded 2 times (x 70B)
Class com.google.common.base.Joiner$2                                                 : loaded 2 times (x 79B)
Class org.objectweb.asm.Frame                                                         : loaded 2 times (x 73B)
Class org.objectweb.asm.MethodVisitor                                                 : loaded 2 times (x 105B)
Class com.google.common.cache.LocalCache$EntryFactory$1                               : loaded 2 times (x 83B)
Class [Lcom.google.common.cache.RemovalListener;                                      : loaded 2 times (x 69B)
Class com.google.common.base.CharMatcher$1                                            : loaded 2 times (x 113B)
Class com.google.common.base.CharMatcher$NamedFastMatcher                             : loaded 2 times (x 112B)
Class com.google.common.collect.RangeSet                                              : loaded 2 times (x 70B)
Class com.google.common.cache.LocalCache$EntryFactory$2                               : loaded 2 times (x 83B)
Class ijJvmDebugger1_281fhc25io4drlupy95mln208$_run_closure1$_closure2                : loaded 2 times (x 140B)
Class org.gradle.api.internal.classpath.GlobalCacheRootsProvider                      : loaded 2 times (x 70B)
Class com.google.common.collect.CollectCollectors                                     : loaded 2 times (x 71B)
Class org.objectweb.asm.ModuleWriter                                                  : loaded 2 times (x 82B)
Class com.google.common.cache.LocalCache$EntryFactory$3                               : loaded 2 times (x 83B)
Class com.google.common.base.Ticker$1                                                 : loaded 2 times (x 72B)
Class com.google.common.collect.Maps$BiMapConverter                                   : loaded 2 times (x 90B)
Class com.google.common.collect.ImmutableMapEntrySet$RegularEntrySet                  : loaded 2 times (x 152B)
Class com.google.common.collect.SetMultimap                                           : loaded 2 times (x 70B)
Class com.google.common.cache.LocalCache$EntryFactory$4                               : loaded 2 times (x 83B)
Class com.google.common.base.CharMatcher$InRange                                      : loaded 2 times (x 111B)
Class com.google.common.collect.ImmutableSet$Builder                                  : loaded 2 times (x 85B)
Class Settings_gradle$1$1$1                                                           : loaded 2 times (x 75B)
Class com.google.common.io.ByteStreams$1                                              : loaded 2 times (x 85B)
Class com.google.common.cache.LocalCache$EntryFactory$5                               : loaded 2 times (x 83B)
Class Build_gradle                                                                    : loaded 2 times (x 130B)
Class com.google.common.cache.LocalCache$EntryFactory$6                               : loaded 2 times (x 83B)
Class org.gradle.internal.installation.CurrentGradleInstallationLocator               : loaded 2 times (x 71B)
Class com.google.common.collect.ImmutableMultimap$Builder                             : loaded 2 times (x 86B)
Class org.objectweb.asm.ClassReader                                                   : loaded 2 times (x 94B)
Class com.google.common.io.ByteSource$SlicedByteSource                                : loaded 2 times (x 85B)
Class com.google.common.collect.Maps$KeySet                                           : loaded 2 times (x 137B)
Class com.google.common.cache.LocalCache$EntryFactory$7                               : loaded 2 times (x 83B)
Class com.google.common.collect.ImmutableSet$EmptySetBuilderImpl                      : loaded 2 times (x 76B)
Class com.google.common.collect.ImmutableList                                         : loaded 2 times (x 206B)
Class org.gradle.internal.service.DefaultServiceLocator                               : loaded 2 times (x 83B)
Class com.google.common.collect.ImmutableMultimap$EntryCollection                     : loaded 2 times (x 128B)
Class com.google.common.collect.Maps$EntrySet                                         : loaded 2 times (x 136B)
Class com.google.common.cache.LocalCache$EntryFactory$8                               : loaded 2 times (x 83B)
Class com.google.common.collect.ImmutableSet$SetBuilderImpl                           : loaded 2 times (x 76B)
Class org.gradle.internal.installation.CurrentGradleInstallation                      : loaded 2 times (x 73B)
Class com.google.common.cache.CacheLoader$1                                           : loaded 2 times (x 75B)
Class com.google.common.collect.ForwardingObject                                      : loaded 2 times (x 72B)
Class com.google.common.collect.ImmutableList$SubList                                 : loaded 2 times (x 209B)
Class org.gradle.util.internal.GUtil                                                  : loaded 2 times (x 71B)
Class com.google.common.io.ByteSource                                                 : loaded 2 times (x 84B)
Class com.google.common.util.concurrent.AbstractFuture$SetFuture                      : loaded 2 times (x 75B)
Class com.google.common.cache.AbstractCache$StatsCounter                              : loaded 2 times (x 70B)
Class com.google.common.io.LineBuffer                                                 : loaded 2 times (x 75B)
Class com.google.common.collect.MapMakerInternalMap$1                                 : loaded 2 times (x 83B)
Class org.objectweb.asm.Context                                                       : loaded 2 times (x 72B)
Class com.google.common.collect.Iterators$MergingIterator                             : loaded 2 times (x 81B)
Class com.google.common.collect.RegularImmutableSet                                   : loaded 2 times (x 149B)
Class org.gradle.internal.installation.GradleInstallation                             : loaded 2 times (x 75B)
Class com.google.common.base.Splitter$Strategy                                        : loaded 2 times (x 70B)
Class com.google.common.collect.Iterables                                             : loaded 2 times (x 71B)

---------------  S Y S T E M  ---------------

OS:
 Windows 11 , 64 bit Build 26100 (10.0.26100.8246)
OS uptime: 0 days 1:56 hours

CPU: total 8 (initial active 8) (4 cores per cpu, 2 threads per core) family 6 model 140 stepping 1 microcode 0x86, cx8, cmov, fxsr, ht, mmx, 3dnowpref, sse, sse2, sse3, ssse3, sse4.1, sse4.2, popcnt, lzcnt, tsc, tscinvbit, avx, avx2, aes, erms, clmul, bmi1, bmi2, adx, avx512f, avx512dq, avx512cd, avx512bw, avx512vl, sha, fma, vzeroupper, avx512_vpopcntdq, avx512_vpclmulqdq, avx512_vaes, avx512_vnni, clflush, clflushopt, clwb, avx512_vbmi2, avx512_vbmi, rdtscp, rdpid, fsrm, gfni, avx512_bitalg, f16c, pku, cet_ibt, cet_ss, avx512_ifma
Processor Information for the first 8 processors :
  Max Mhz: 2419, Current Mhz: 2419, Mhz Limit: 2419

Memory: 4k page, system-wide physical 7885M (671M free)
TotalPageFile size 17053M (AvailPageFile size 1060M)
current process WorkingSet (physical memory assigned to process): 681M, peak: 881M
current process commit charge ("private bytes"): 1652M, peak: 1662M

vm_info: OpenJDK 64-Bit Server VM (21.0.8+-14196175-b1038.72) for windows-amd64 JRE (21.0.8+-14196175-b1038.72), built on 2025-10-01T10:24:33Z by "builder" with MS VC++ 16.10 / 16.11 (VS2019)

END.
